20190102,0.0,AMD,AMZN,BA,BABA,BAC,GOOGL,INTC,JPM,MSFT,MU,NFLX
20190103,0.0,AMZN,BA,BAC,GOOGL,INTC,JPM,MU,NFLX
20190104,0.0,AMD,AMZN,BA,BABA,BAC,GOOGL,INTC,JPM,FB,MSFT,MU,NFLX,NVDA,TSLA
20190107,0.0,AMD,AMZN,BA,BABA,BAC,GOOGL,INTC,JPM,FB,MSFT,MU,NFLX,NVDA,TSLA
20190108,1.0,AAPL,AMD,AMZN,BA,BABA,BAC,GOOGL,INTC,JPM,FB,MSFT,MU,NFLX,NVDA,TSLA
20190109,1.0,AAPL,AMD,AMZN,BA,BABA,BAC,GOOGL,INTC,JPM,FB,MSFT,MU,NFLX,NVDA,TSLA
20190110,1.0,AAPL,AMD,AMZN,BA,BABA,BAC,GOOGL,INTC,JPM,FB,MSFT,MU,NFLX,NVDA,TSLA
20190111,1.0,AAPL,AMD,AMZN,BA,BABA,BAC,GOOGL,INTC,JPM,FB,MSFT,MU,NVDA,TSLA
20190114,1.0,AMD,AMZN,BA,BABA,BAC,GOOGL,INTC,JPM,FB,MSFT,MU,NFLX,NVDA,TSLA
20190115,1.0,AMD,AMZN,BA,BABA,BAC,GOOGL,INTC,JPM,FB,MSFT,MU,NVDA,TSLA
20190116,1.0,AAPL,AMD,AMZN,BA,BABA,BAC,GOOGL,INTC,JPM,FB,MSFT,MU,NVDA,TSLA
20190117,1.0,AAPL,AMD,AMZN,BA,BABA,BAC,GOOGL,INTC,JPM,FB,MSFT,MU,NVDA,TSLA
20190118,1.0,AAPL,AMD,AMZN,BA,BABA,BAC,GOOGL,INTC,JPM,FB,MSFT,MU,NFLX,NVDA
20190122,1.0,AAPL,AMZN,BA,BABA,BAC,GOOGL,INTC,JPM,FB,MSFT,MU,NFLX,NVDA
20190123,1.0,AAPL,AMZN,BA,BABA,BAC,GOOGL,INTC,JPM,FB,MSFT,MU,NFLX,NVDA
20190124,1.0,AAPL,AMD,AMZN,BA,BABA,BAC,GOOGL,INTC,JPM,FB,MSFT,MU,NFLX,NVDA
20190125,1.0,AAPL,AMD,AMZN,BA,BABA,BAC,GOOGL,JPM,FB,MSFT,MU,NFLX,NVDA
20190128,1.0,AAPL,AMD,AMZN,BA,BABA,BAC,GOOGL,JPM,FB,MSFT,MU,NFLX
20190129,1.0,AAPL,BA,BABA,BAC,GOOGL,JPM,FB,MSFT,MU
20190130,1.0,AAPL,AMD,BA,BABA,BAC,GOOGL,JPM,FB,MSFT,MU
20190131,1.0,AAPL,AMD,AMZN,BA,BABA,BAC,GOOGL,JPM,FB,MSFT,MU
20190201,1.0,AAPL,AMD,BA,BABA,BAC,GOOGL,JPM,FB,MU,NFLX,TSLA
20190204,1.0,AAPL,AMD,AMZN,BA,BABA,BAC,GOOGL,INTC,JPM,FB,MSFT,MU,NFLX,NVDA,TSLA
20190205,1.0,AAPL,AMD,AMZN,BA,BABA,BAC,GOOGL,INTC,JPM,FB,MSFT,MU,NFLX,NVDA,TSLA
20190206,1.0,AAPL,AMD,AMZN,BA,BABA,BAC,GOOGL,INTC,JPM,FB,MSFT,MU,NFLX,NVDA,TSLA
20190207,1.0,AAPL,AMD,AMZN,BA,BABA,GOOGL,INTC,JPM,FB,MSFT,MU,NFLX,TSLA
20190208,1.0,AAPL,AMD,AMZN,BABA,GOOGL,INTC,JPM,FB,MSFT,MU,NFLX,NVDA,TSLA
20190211,1.0,AAPL,AMD,AMZN,BABA,GOOGL,INTC,JPM,FB,MSFT,MU,NFLX,NVDA,TSLA
20190212,1.0,AAPL,AMD,AMZN,BABA,GOOGL,INTC,JPM,FB,MSFT,MU,NFLX,NVDA,TSLA
20190213,1.0,AAPL,BA,BABA,GOOGL,INTC,FB,MSFT,MU,NFLX,NVDA,TSLA
20190214,1.0,AAPL,BA,BAC,GOOGL,INTC,FB,MSFT,MU,NFLX,NVDA,TSLA
20190215,1.0,AAPL,BA,GOOGL,INTC,FB,MSFT,MU,NFLX,NVDA
20190219,1.0,AAPL,AMD,BA,BABA,BAC,GOOGL,INTC,MSFT,MU,NFLX,NVDA
20190220,1.0,AAPL,AMD,BA,BAC,GOOGL,INTC,MSFT,MU,NFLX,NVDA
20190221,1.0,AAPL,AMD,AMZN,BA,BABA,BAC,INTC,MSFT,MU,NFLX,NVDA
20190222,1.0,AAPL,AMD,AMZN,BA,BABA,BAC,GOOGL,INTC,MSFT,MU,NFLX,NVDA
20190225,1.0,AAPL,AMD,AMZN,BA,BABA,BAC,GOOGL,INTC,MSFT,MU,NFLX,NVDA
20190226,1.0,AAPL,AMD,AMZN,BA,BABA,BAC,GOOGL,INTC,JPM,MSFT,MU,NFLX,NVDA
20190227,1.0,AAPL,AMD,AMZN,BA,BABA,BAC,INTC,JPM,MSFT,MU,NFLX,NVDA,TSLA
20190228,1.0,AAPL,AMD,AMZN,BA,BABA,BAC,GOOGL,INTC,JPM,MSFT,NFLX,NVDA,TSLA
20190301,1.0,AAPL,AMD,AMZN,BA,BABA,BAC,GOOGL,INTC,JPM,MSFT,NVDA
20190304,1.0,AAPL,AMZN,BA,BABA,GOOGL,INTC,JPM,FB,MSFT,NVDA
20190305,1.0,AAPL,AMZN,BA,BABA,GOOGL,INTC,JPM,FB,MSFT,NVDA
20190306,1.0,AAPL,AMZN,BA,BABA,GOOGL,INTC,JPM,FB,MSFT,NVDA
20190307,1.0,AAPL,AMZN,BA,BABA,GOOGL,INTC,JPM,FB,MSFT
20190308,1.0,AAPL,AMZN,GOOGL,FB
20190311,1.0,AAPL,AMZN,GOOGL,INTC,JPM,FB,MSFT,NFLX,NVDA
20190312,1.0,AAPL,AMD,AMZN,BAC,GOOGL,INTC,JPM,FB,MSFT,NFLX,NVDA
20190313,1.0,AAPL,AMD,AMZN,BAC,GOOGL,INTC,JPM,FB,MSFT,NFLX,NVDA
20190314,1.0,AAPL,AMD,AMZN,BAC,GOOGL,INTC,JPM,FB,MSFT,NFLX,NVDA
20190315,1.0,AAPL,AMD,AMZN,BAC,GOOGL,INTC,JPM,FB,MSFT,NFLX,NVDA
20190318,1.0,AAPL,AMD,AMZN,BAC,GOOGL,INTC,JPM,MSFT,NFLX,NVDA
20190319,1.0,AAPL,AMD,AMZN,BAC,GOOGL,INTC,JPM,MSFT,MU,NFLX,NVDA
20190320,1.0,AAPL,AMD,AMZN,BABA,BAC,GOOGL,INTC,JPM,MSFT,MU,NFLX,NVDA
20190321,1.0,AAPL,AMD,AMZN,BABA,BAC,GOOGL,INTC,MSFT,MU,NFLX
20190322,1.0,AAPL,AMD,AMZN,BABA,GOOGL,INTC,MSFT,MU,NFLX
20190325,1.0,AAPL,AMD,AMZN,BABA,GOOGL,MSFT,MU,NFLX
20190326,1.0,AAPL,AMD,AMZN,BABA,MSFT,MU,NFLX
20190327,1.0,AAPL,AMD,AMZN,BA,BABA,MSFT,MU,NVDA
20190328,1.0,AAPL,AMD,AMZN,BA,BABA,MSFT,MU,NVDA,TSLA
20190329,1.0,AAPL,AMD,AMZN,BA,BABA,FB,MSFT,MU,NVDA,TSLA
20190401,1.0,AAPL,AMD,AMZN,BA,BABA,GOOGL,INTC,FB,MSFT,MU,NFLX,NVDA,TSLA
20190402,1.0,AAPL,AMD,AMZN,BA,BABA,GOOGL,INTC,FB,MSFT,MU,NFLX,NVDA,TSLA
20190403,1.0,AAPL,AMD,AMZN,BA,BABA,INTC,JPM,FB,MSFT,MU,NVDA,TSLA
20190404,1.0,AAPL,AMD,BA,BABA,BAC,GOOGL,INTC,JPM,FB,MU,NVDA,TSLA
20190405,1.0,AAPL,AMD,AMZN,BA,BABA,BAC,GOOGL,INTC,JPM,FB,MSFT,MU,NFLX,NVDA,TSLA
20190408,1.0,AAPL,AMD,AMZN,BA,BABA,GOOGL,INTC,JPM,FB,MSFT,MU,NFLX,NVDA,TSLA
20190409,1.0,AAPL,AMD,AMZN,BA,BABA,BAC,GOOGL,INTC,JPM,FB,MSFT,MU,NFLX,NVDA,TSLA
20190410,1.0,AAPL,AMD,AMZN,BA,BABA,GOOGL,INTC,JPM,FB,MSFT,MU,NFLX,NVDA,TSLA
20190411,1.0,AAPL,AMD,AMZN,BA,BABA,GOOGL,INTC,FB,MSFT,MU,NFLX,NVDA
20190412,1.0,AAPL,AMD,AMZN,BA,BABA,GOOGL,INTC,FB,MSFT,MU,NVDA
20190415,1.0,AAPL,AMD,AMZN,BA,BABA,GOOGL,INTC,FB,MSFT,NVDA
20190416,1.0,AAPL,AMD,AMZN,BA,BABA,GOOGL,INTC,FB,MSFT,MU,NVDA
20190417,1.0,AAPL,AMZN,BABA,GOOGL,INTC,JPM,FB,MSFT,TSLA
20190418,1.0,AAPL,AMZN,BABA,GOOGL,INTC,JPM,FB,MSFT,MU,TSLA
20190422,1.0,AAPL,AMZN,BA,BABA,GOOGL,INTC,JPM,FB,MSFT,MU,TSLA
20190423,1.0,AAPL,AMZN,BA,BABA,BAC,GOOGL,INTC,JPM,FB,MSFT,NFLX,TSLA
20190424,1.0,AAPL,AMD,AMZN,BA,BAC,GOOGL,INTC,JPM,FB,MSFT,MU,NFLX,NVDA
20190425,1.0,AAPL,AMZN,BA,BABA,BAC,GOOGL,INTC,JPM,FB,MSFT,MU,NFLX
20190426,1.0,AAPL,AMD,AMZN,BA,BABA,BAC,GOOGL,JPM,FB,MSFT
20190429,1.0,AAPL,AMD,AMZN,BA,BAC,GOOGL,JPM,FB,MSFT,MU,NFLX
20190430,1.0,AAPL,AMD,AMZN,BA,BABA,BAC,JPM,FB,MSFT,MU,NFLX
20190501,1.0,AAPL,AMD,AMZN,BA,BABA,BAC,JPM,FB,MSFT,NFLX
20190502,1.0,AAPL,AMD,AMZN,BA,BABA,BAC,JPM,FB,MSFT,NFLX
20190503,1.0,AAPL,AMD,AMZN,BABA,BAC,JPM,FB,MSFT,NFLX
20190506,1.0,AAPL,AMZN,BA,BABA,BAC,JPM,FB,MSFT,NFLX
20190507,1.0,FB,MSFT
20190508,1.0,AMZN,FB,MSFT
20190509,1.0,TSLA
20190510,1.0,AMD,TSLA
20190514,1.0,AMD
20190515,1.0,AMD,GOOGL
20190516,1.0,AMD,GOOGL
20190517,1.0,AMD,GOOGL,MSFT
20190520,1.0,AMD,GOOGL,MSFT
20190521,1.0,AMD,GOOGL,MSFT
20190522,1.0,AMD,GOOGL,MSFT
20190523,1.0,GOOGL,MSFT
20190524,1.0,AMD,AMZN,BA,GOOGL,JPM,MSFT,NFLX
20190528,1.0,AMD,AMZN,BA,GOOGL,JPM,FB,MSFT,NFLX
20190529,1.0,AMD,AMZN,BA,JPM,FB,MSFT,NFLX
20190530,1.0,AMD,BA,JPM,FB,NFLX
20190531,1.0,AMD,BA,MSFT,NFLX
20190603,1.0,AMD,BA,NFLX
20190604,1.0,BA,INTC,NFLX
20190605,1.0,BA,INTC,NFLX,TSLA
20190606,1.0,AAPL,AMD,BA,BAC,INTC,JPM,MSFT,NFLX,TSLA
20190607,1.0,AAPL,AMD,BA,BAC,INTC,JPM,MSFT,NFLX,NVDA,TSLA
20190610,1.0,AAPL,AMD,AMZN,BA,BABA,BAC,INTC,JPM,MSFT,MU,NFLX,NVDA,TSLA
20190611,1.0,AAPL,AMD,AMZN,BA,BABA,BAC,INTC,JPM,MSFT,MU,NFLX,NVDA,TSLA
20190612,1.0,AAPL,AMD,AMZN,BA,BABA,BAC,INTC,JPM,MSFT,MU,NFLX,NVDA,TSLA
20190613,1.0,AAPL,AMD,AMZN,BA,BABA,BAC,INTC,JPM,MSFT,MU,NFLX,NVDA,TSLA
20190614,1.0,AAPL,AMD,AMZN,BA,BABA,BAC,GOOGL,INTC,JPM,FB,MSFT,MU,NFLX,NVDA,TSLA
20190617,1.0,AAPL,AMD,AMZN,BA,BABA,BAC,GOOGL,INTC,JPM,FB,MSFT,NFLX,NVDA
20190618,1.0,AAPL,AMD,AMZN,BA,BABA,BAC,GOOGL,INTC,JPM,FB,MSFT,MU,NFLX,NVDA
20190619,1.0,AAPL,AMZN,BA,BABA,BAC,GOOGL,INTC,JPM,FB,MSFT,MU,NFLX,NVDA
20190620,1.0,AAPL,AMZN,BA,BABA,BAC,GOOGL,INTC,JPM,FB,MSFT,MU,NFLX,NVDA,TSLA
20190621,1.0,AAPL,AMZN,BA,BABA,BAC,GOOGL,INTC,JPM,FB,MSFT,NFLX,NVDA,TSLA
20190624,1.0,AAPL,AMZN,BA,BABA,BAC,GOOGL,INTC,JPM,FB,MSFT,NFLX,NVDA
20190625,1.0,AAPL,AMZN,BA,BABA,BAC,GOOGL,INTC,JPM,FB,MSFT,NFLX,NVDA,TSLA
20190626,1.0,AAPL,AMZN,BA,BABA,BAC,GOOGL,INTC,JPM,FB,MSFT,MU,NFLX,NVDA,TSLA
20190627,1.0,AAPL,AMD,AMZN,BA,BABA,BAC,GOOGL,INTC,JPM,FB,MSFT,MU,NFLX,NVDA
20190628,1.0,AAPL,AMD,AMZN,BA,BABA,BAC,GOOGL,INTC,JPM,FB,MSFT,MU,NFLX,NVDA
20190701,1.0,AAPL,AMD,AMZN,BABA,BAC,GOOGL,JPM,FB,MSFT,MU,NFLX,NVDA,V
20190702,1.0,AAPL,AMD,AMZN,BABA,BAC,GOOGL,JPM,FB,MSFT,MU,NFLX,NVDA,TSLA,V
20190703,1.0,AAPL,AMD,AMZN,BABA,BAC,GOOGL,JPM,FB,MSFT,MU,NFLX,NVDA,V
20190705,1.0,AAPL,AMD,AMZN,BABA,BAC,GOOGL,JPM,FB,MSFT,MU,NFLX,NVDA,TSLA,V
20190708,1.0,AAPL,AMD,AMZN,BABA,BAC,GOOGL,JPM,FB,MU,NFLX,NVDA,TSLA,V
20190709,1.0,AAPL,AMD,AMZN,BABA,BAC,GOOGL,JPM,FB,MU,NFLX,NVDA,TSLA,V
20190710,1.0,AAPL,AMD,AMZN,BABA,BAC,GOOGL,JPM,FB,MSFT,MU,NFLX,NVDA,TSLA,V
20190711,1.0,AAPL,AMD,AMZN,BABA,BAC,GOOGL,JPM,FB,MSFT,NFLX,NVDA,TSLA,V
20190712,1.0,AAPL,AMD,AMZN,BA,BABA,BAC,GOOGL,JPM,FB,MSFT,NFLX,NVDA,TSLA,V
20190715,1.0,AAPL,AMD,AMZN,BA,BABA,BAC,GOOGL,JPM,FB,MSFT,NFLX,NVDA,TSLA,V
20190716,1.0,AAPL,AMD,AMZN,BA,BABA,BAC,GOOGL,JPM,FB,MSFT,MU,NFLX,NVDA,TSLA,V
20190717,1.0,AAPL,AMD,AMZN,BA,BABA,BAC,GOOGL,JPM,FB,MU,NVDA,TSLA,V
20190718,1.0,AAPL,AMD,AMZN,BA,BABA,BAC,GOOGL,JPM,FB,NVDA,TSLA,V
20190719,1.0,AMD,AMZN,BA,BABA,BAC,GOOGL,JPM,FB,NVDA,TSLA,V
20190722,1.0,AAPL,AMD,AMZN,BA,BABA,BAC,GOOGL,JPM,FB,MSFT,NVDA,TSLA,V
20190723,1.0,AAPL,AMD,AMZN,BA,BABA,BAC,GOOGL,JPM,FB,MSFT,NVDA,TSLA,V
20190724,1.0,AAPL,AMD,BA,BABA,BAC,GOOGL,JPM,FB,MSFT,NVDA,TSLA,V
20190725,1.0,AAPL,AMD,BABA,BAC,GOOGL,JPM,MSFT,MU,NVDA,V
20190726,1.0,AAPL,AMD,BABA,BAC,GOOGL,JPM,MSFT,MU,NVDA,V
20190729,1.0,AAPL,BABA,BAC,GOOGL,JPM,MSFT,MU,NVDA,V
20190730,1.0,AAPL,AMD,BABA,BAC,GOOGL,JPM,MSFT,MU,NVDA,V
20190731,1.0,AAPL,BABA,BAC,GOOGL,JPM,FB,MSFT,MU,NVDA
20190801,1.0,AAPL,BAC,GOOGL,FB,MSFT,NFLX,NVDA
20190802,1.0,AAPL,GOOGL,MSFT,NFLX
20190805,0.0,GOOGL,NFLX
20190806,1.0,GOOGL,NFLX
20190807,1.0,GOOGL,TSLA
20190808,1.0,GOOGL,TSLA
20190809,1.0,TSLA
20190813,1.0,MSFT,V
20190814,0.0,MSFT,V
20190815,1.0,AMD,BABA,MSFT,V
20190816,1.0,AAPL,AMD,AMZN,BABA,GOOGL,FB,MSFT,MU,NVDA,V
20190819,1.0,AAPL,AMD,AMZN,BA,BABA,GOOGL,FB,MSFT,MU,NVDA,V
20190820,1.0,AAPL,AMD,AMZN,BA,BABA,GOOGL,FB,MSFT,MU,NVDA,V
20190821,1.0,AAPL,AMZN,BA,BABA,GOOGL,FB,MSFT,MU,NVDA,V
20190822,1.0,AAPL,AMZN,BA,BABA,GOOGL,FB,MSFT,MU,NVDA,V
20190823,1.0,AAPL,AMZN,BA,BABA,GOOGL,MSFT,MU,NVDA,V
20190826,1.0,AAPL,AMZN,BA,BABA,GOOGL,MSFT,MU,NVDA,V
20190827,1.0,AAPL,AMZN,BA,BABA,BAC,GOOGL,JPM,FB,MSFT,MU,NVDA,V
20190828,1.0,AAPL,AMD,AMZN,BA,BABA,BAC,GOOGL,JPM,FB,MSFT,MU,NVDA,V
20190829,1.0,AAPL,AMD,AMZN,BA,BABA,BAC,GOOGL,JPM,FB,MSFT,MU,NVDA,TSLA,V
20190830,1.0,AAPL,AMD,AMZN,BA,BABA,BAC,GOOGL,JPM,FB,MSFT,MU,NVDA,TSLA,V
20190903,1.0,AMD,AMZN,BA,BABA,BAC,GOOGL,JPM,FB,MSFT,MU,NVDA,TSLA,V
20190904,1.0,AMD,AMZN,BA,BABA,BAC,GOOGL,JPM,FB,MSFT,MU,NVDA,TSLA,V
20190905,1.0,AAPL,AMD,AMZN,BA,BABA,BAC,GOOGL,JPM,FB,MSFT,MU,NVDA,TSLA,V
20190906,1.0,AAPL,AMD,AMZN,BA,BABA,BAC,GOOGL,JPM,FB,MSFT,MU,NVDA,TSLA,V
20190909,1.0,AAPL,AMD,AMZN,BA,BABA,BAC,GOOGL,JPM,FB,MSFT,MU,NVDA,TSLA,V
20190910,1.0,AAPL,AMD,AMZN,BA,BABA,BAC,GOOGL,JPM,FB,MSFT,MU,NVDA,TSLA
20190911,1.0,AAPL,AMD,AMZN,BA,BABA,BAC,GOOGL,JPM,FB,MSFT,MU,NVDA,TSLA
20190912,1.0,AAPL,AMD,AMZN,BA,BABA,BAC,GOOGL,JPM,FB,MSFT,MU,NVDA,TSLA
20190913,1.0,AAPL,AMD,AMZN,BA,BABA,BAC,GOOGL,JPM,FB,MSFT,MU,NFLX,NVDA,TSLA
20190916,1.0,AAPL,AMD,AMZN,BA,BABA,BAC,GOOGL,JPM,FB,MSFT,MU,NFLX,NVDA,TSLA
20190917,1.0,AAPL,AMD,AMZN,BA,BABA,BAC,GOOGL,JPM,FB,MSFT,MU,NFLX,NVDA,TSLA
20190918,1.0,AAPL,AMD,AMZN,BA,BABA,BAC,GOOGL,JPM,FB,MSFT,MU,NFLX,NVDA,TSLA
20190919,1.0,AAPL,AMD,AMZN,BA,BABA,BAC,GOOGL,JPM,FB,MSFT,MU,NFLX,TSLA
20190920,1.0,AAPL,AMD,AMZN,BA,BABA,BAC,GOOGL,JPM,FB,MSFT,MU,TSLA
20190923,1.0,AAPL,AMD,AMZN,BA,BAC,GOOGL,JPM,FB,MSFT,MU,TSLA
20190924,1.0,AAPL,AMD,BA,BAC,GOOGL,JPM,FB,MSFT
20190925,1.0,AMD,BA,BABA,BAC,GOOGL,JPM,FB,MSFT
20190926,1.0,AMD,BA,BAC,GOOGL,FB,MSFT
20190927,1.0,AAPL,BA,BAC,MSFT
20190930,1.0,AAPL,BA,BAC,MSFT
20191001,1.0,AAPL
20191003,1.0,NVDA,TSLA
20191004,1.0,AAPL,NFLX,NVDA,V
20191007,1.0,AAPL,NFLX,NVDA,TSLA,V
20191008,1.0,AAPL,NFLX,NVDA,TSLA,V
20191009,1.0,AAPL,NFLX,NVDA,TSLA,V
20191010,1.0,AAPL,BABA,FB,MSFT,NFLX,NVDA,TSLA,V
20191011,1.0,AAPL,AMD,BABA,FB,MSFT,NFLX,NVDA,TSLA,V
20191014,1.0,AAPL,AMD,AMZN,BABA,BAC,GOOGL,FB,MSFT,NFLX,NVDA,TSLA,V,DIS
20191015,1.0,AAPL,AMD,AMZN,BA,BABA,BAC,GOOGL,FB,NFLX,NVDA,TSLA,V,DIS
20191016,1.0,AAPL,AMD,AMZN,BA,BABA,GOOGL,FB,MSFT,NFLX,NVDA,TSLA,V,DIS
20191017,1.0,AAPL,AMD,AMZN,BA,BABA,BAC,GOOGL,FB,MSFT,NFLX,NVDA,TSLA,V,DIS
20191018,1.0,AAPL,AMD,AMZN,BABA,BAC,GOOGL,JPM,FB,NFLX,NVDA,TSLA,V,DIS
20191021,1.0,AAPL,AMD,AMZN,BABA,BAC,GOOGL,JPM,FB,MSFT,NFLX,NVDA,TSLA,V,DIS
20191022,1.0,AAPL,AMD,AMZN,BABA,BAC,GOOGL,JPM,FB,MSFT,NFLX,NVDA,TSLA,V,DIS
20191023,1.0,AAPL,AMD,AMZN,BABA,BAC,GOOGL,JPM,FB,NFLX,NVDA,TSLA,V,DIS
20191024,1.0,AAPL,AMD,AMZN,BABA,BAC,GOOGL,JPM,FB,MSFT,NVDA,TSLA,V,DIS
20191025,1.0,AAPL,AMD,AMZN,BABA,BAC,GOOGL,JPM,FB,MSFT,NVDA,TSLA,V,DIS
20191028,1.0,AAPL,AMD,AMZN,BABA,BAC,GOOGL,JPM,FB,MSFT,NVDA,TSLA,V,DIS
20191029,1.0,AAPL,AMD,AMZN,BABA,BAC,GOOGL,JPM,FB,MSFT,NVDA,TSLA,V,DIS
20191030,1.0,AAPL,AMD,AMZN,BABA,BAC,GOOGL,JPM,FB,MSFT,NVDA,TSLA,V,DIS
20191031,1.0,AAPL,AMD,AMZN,BABA,BAC,GOOGL,JPM,FB,MSFT,NFLX,NVDA,TSLA,V,DIS
20191101,1.0,AAPL,AMD,AMZN,BA,BABA,BAC,GOOGL,JPM,FB,MSFT,NFLX,NVDA,TSLA,V,DIS
20191104,1.0,AAPL,AMD,AMZN,BA,BABA,BAC,GOOGL,JPM,FB,MSFT,NFLX,NVDA,TSLA,V,DIS
20191105,1.0,AAPL,AMD,AMZN,BA,BABA,BAC,GOOGL,JPM,FB,MSFT,NFLX,NVDA,TSLA,V,DIS
20191106,1.0,AAPL,AMD,AMZN,BA,BABA,BAC,GOOGL,JPM,FB,MSFT,NFLX,NVDA,TSLA,V,DIS
20191107,1.0,AAPL,AMD,AMZN,BA,BABA,BAC,GOOGL,JPM,FB,MSFT,NFLX,NVDA,TSLA,V,DIS
20191108,1.0,AAPL,AMD,AMZN,BA,BABA,BAC,GOOGL,JPM,FB,MSFT,NFLX,NVDA,TSLA,V,DIS
20191111,1.0,AAPL,AMD,AMZN,BA,BABA,BAC,GOOGL,JPM,FB,MSFT,NFLX,NVDA,TSLA,V,DIS
20191112,1.0,AAPL,AMD,AMZN,BA,BABA,BAC,GOOGL,JPM,FB,MSFT,NFLX,NVDA,TSLA,V,DIS
20191113,1.0,AAPL,AMD,AMZN,BA,BABA,BAC,GOOGL,JPM,FB,MSFT,NFLX,NVDA,TSLA,V
20191114,1.0,AAPL,AMD,AMZN,BA,BABA,BAC,GOOGL,JPM,FB,MSFT,NFLX,NVDA,TSLA,V,DIS
20191115,1.0,AAPL,AMD,AMZN,BA,BABA,BAC,GOOGL,JPM,FB,MSFT,NFLX,NVDA,TSLA,V,DIS
20191118,1.0,AAPL,AMD,AMZN,BA,BABA,BAC,GOOGL,JPM,FB,MSFT,NFLX,NVDA,TSLA,V,DIS
20191119,1.0,AAPL,AMD,AMZN,BA,BABA,BAC,GOOGL,JPM,FB,MSFT,NFLX,TSLA,V,DIS
20191120,1.0,AAPL,AMD,AMZN,BA,GOOGL,JPM,FB,MSFT,NFLX,NVDA,TSLA,V,DIS
20191121,1.0,AAPL,AMD,AMZN,BA,FB,MSFT,NFLX,NVDA,TSLA,V,DIS
20191122,1.0,AAPL,AMD,AMZN,BA,JPM,FB,MSFT,NFLX,NVDA,V,DIS
20191125,1.0,AAPL,AMD,AMZN,BA,BABA,BAC,GOOGL,JPM,FB,MSFT,NFLX,NVDA,V,DIS
20191126,1.0,AAPL,AMD,AMZN,BA,BABA,BAC,GOOGL,JPM,FB,MSFT,NFLX,NVDA,V,DIS
20191127,1.0,AAPL,AMD,AMZN,BA,BABA,BAC,GOOGL,JPM,FB,MSFT,NFLX,NVDA,V,DIS
20191129,1.0,AAPL,AMD,AMZN,BABA,BAC,JPM,FB,MSFT,NFLX,NVDA,V,DIS
20191202,1.0,AMD,AMZN,BABA,BAC,JPM,FB,NFLX,NVDA,DIS
20191203,1.0,AMZN,BABA,GOOGL,FB,NFLX,DIS
20191204,1.0,AMZN,BABA,BAC,GOOGL,JPM,NFLX,NVDA
20191205,1.0,AAPL,AMZN,BABA,BAC,GOOGL,JPM,FB,MSFT,NFLX,DIS
20191206,1.0,AAPL,AMD,AMZN,BABA,BAC,GOOGL,JPM,FB,MSFT,NFLX,NVDA,TSLA,DIS
20191209,1.0,AAPL,AMZN,BABA,BAC,GOOGL,JPM,FB,MSFT,TSLA
20191210,1.0,AAPL,AMZN,BABA,BAC,GOOGL,JPM,FB,TSLA
20191211,1.0,AAPL,AMD,AMZN,BABA,BAC,GOOGL,JPM,FB,TSLA
20191212,1.0,AAPL,AMD,AMZN,BABA,BAC,GOOGL,JPM,MSFT,NVDA,TSLA,DIS
20191213,1.0,AAPL,AMD,AMZN,BABA,BAC,GOOGL,JPM,MSFT,NVDA,TSLA,DIS
20191216,1.0,AAPL,AMD,AMZN,BABA,BAC,GOOGL,JPM,FB,MSFT,NVDA,TSLA,DIS
20191217,1.0,AAPL,AMD,AMZN,BABA,BAC,GOOGL,JPM,FB,MSFT,NFLX,NVDA,TSLA,DIS
20191218,1.0,AAPL,AMD,AMZN,BABA,BAC,GOOGL,JPM,FB,MSFT,NFLX,NVDA,TSLA,DIS
20191219,1.0,AAPL,AMD,AMZN,BABA,BAC,GOOGL,JPM,FB,MSFT,NFLX,NVDA,TSLA,DIS
20191220,1.0,AAPL,AMD,AMZN,BABA,BAC,GOOGL,JPM,FB,MSFT,NFLX,NVDA,TSLA,DIS
20191223,1.0,AAPL,AMD,AMZN,BABA,BAC,GOOGL,JPM,FB,MSFT,NFLX,NVDA,TSLA,DIS
20191224,1.0,AAPL,AMD,AMZN,BABA,BAC,GOOGL,JPM,FB,MSFT,NFLX,NVDA,TSLA,DIS
20191226,1.0,AAPL,AMD,AMZN,BABA,BAC,GOOGL,JPM,FB,MSFT,NFLX,NVDA,TSLA,DIS
20191227,1.0,AAPL,AMD,AMZN,BABA,BAC,GOOGL,JPM,FB,MSFT,NFLX,NVDA,TSLA,DIS,ROKU
20191230,1.0,AAPL,AMD,AMZN,BABA,BAC,JPM,FB,MSFT,NFLX,NVDA,TSLA,DIS
20191231,1.0,AAPL,AMD,AMZN,BABA,BAC,JPM,FB,MSFT,NFLX,NVDA,TSLA,DIS
20200102,1.0,AAPL,AMD,AMZN,BA,BABA,BAC,GOOGL,JPM,FB,MSFT,NFLX,NVDA,TSLA,DIS,ROKU
20200103,1.0,AAPL,AMD,AMZN,BA,BABA,GOOGL,JPM,FB,MSFT,NFLX,NVDA,TSLA,DIS,ROKU
20200106,1.0,AAPL,AMD,AMZN,BA,BABA,GOOGL,JPM,FB,MSFT,NFLX,NVDA,TSLA,DIS
20200107,1.0,AAPL,AMD,AMZN,BA,BABA,GOOGL,FB,MSFT,NVDA,TSLA,DIS,ROKU
20200108,1.0,AAPL,AMD,AMZN,BA,BABA,GOOGL,FB,MSFT,NFLX,NVDA,TSLA,DIS
20200109,1.0,AAPL,AMD,AMZN,BA,BABA,GOOGL,FB,MSFT,NFLX,NVDA,TSLA,DIS
20200110,1.0,AAPL,AMD,AMZN,BA,BABA,GOOGL,FB,MSFT,NVDA,TSLA,DIS
20200113,1.0,AAPL,AMD,AMZN,BA,BABA,BAC,GOOGL,FB,MSFT,NFLX,NVDA,TSLA,DIS,ROKU
20200114,1.0,AAPL,AMD,AMZN,BA,BABA,GOOGL,JPM,FB,MSFT,NFLX,NVDA,TSLA,DIS,ROKU
20200115,1.0,AAPL,AMD,AMZN,BA,BABA,BAC,GOOGL,JPM,FB,MSFT,NFLX,NVDA,TSLA,DIS,ROKU
20200116,1.0,AAPL,AMD,BA,BABA,BAC,GOOGL,JPM,FB,MSFT,NFLX,NVDA,TSLA,DIS
20200117,1.0,AAPL,AMD,BA,BABA,BAC,GOOGL,JPM,FB,MSFT,NFLX,NVDA,TSLA,DIS
20200121,1.0,AAPL,AMD,BABA,BAC,GOOGL,JPM,FB,MSFT,NFLX,NVDA,TSLA,DIS
20200122,1.0,AAPL,AMD,BABA,BAC,GOOGL,JPM,FB,MSFT,NVDA,TSLA,DIS
20200123,1.0,AAPL,AMD,BABA,BAC,GOOGL,JPM,FB,MSFT,NFLX,NVDA,TSLA,DIS
20200124,1.0,AAPL,AMD,AMZN,BAC,GOOGL,JPM,MSFT,NFLX,NVDA,TSLA,DIS
20200127,0.0,AMD,AMZN,GOOGL,JPM,MSFT,NFLX,TSLA
20200128,1.0,AAPL,AMD,AMZN,GOOGL,JPM,MSFT,NFLX,TSLA
20200129,1.0,AAPL,AMZN,GOOGL,JPM,FB,MSFT,NFLX,TSLA
20200130,1.0,AAPL,AMD,AMZN,GOOGL,JPM,MSFT,NFLX,NVDA,TSLA
20200131,0.0,AMZN,MSFT,NFLX,TSLA
20200203,0.0,AMZN,BA,GOOGL,MSFT,NFLX,TSLA
20200204,1.0,AAPL,AMZN,BA,MSFT,NFLX,TSLA,DIS
20200205,1.0,AAPL,AMZN,BA,BAC,JPM,MSFT,NFLX,TSLA,DIS
20200206,1.0,AAPL,AMZN,BA,BAC,JPM,MSFT,NFLX,NVDA,TSLA,DIS
20200207,1.0,AAPL,AMZN,BA,BABA,BAC,GOOGL,JPM,MSFT,NFLX,NVDA,TSLA,DIS
20200210,1.0,AAPL,AMZN,BA,BABA,BAC,GOOGL,JPM,MSFT,NFLX,NVDA,TSLA,DIS
20200211,1.0,AAPL,AMZN,BA,BABA,BAC,GOOGL,JPM,MSFT,NFLX,NVDA,TSLA,DIS
20200212,1.0,AAPL,AMD,AMZN,BA,BAC,GOOGL,JPM,FB,MSFT,NFLX,NVDA,TSLA,DIS
20200213,1.0,AAPL,AMD,AMZN,BA,BABA,BAC,GOOGL,JPM,FB,MSFT,NFLX,NVDA,TSLA,DIS
20200214,1.0,AAPL,AMD,AMZN,BA,BABA,BAC,GOOGL,JPM,FB,MSFT,NFLX,NVDA,TSLA,DIS
20200218,1.0,AAPL,AMD,AMZN,BA,BAC,GOOGL,JPM,FB,MSFT,NFLX,NVDA,TSLA,DIS
20200219,1.0,AAPL,AMD,AMZN,BA,BAC,GOOGL,JPM,FB,MSFT,NFLX,NVDA,TSLA,DIS
20200220,1.0,AMD,AMZN,BA,BAC,GOOGL,JPM,FB,MSFT,NFLX,NVDA,TSLA,DIS
20200221,0.0,AMD,AMZN,BA,BAC,GOOGL,JPM,FB,NFLX,NVDA,TSLA,DIS,ROKU
20200224,0.0,NFLX,NVDA,TSLA
20200225,0.0,TSLA
20200226,0.0,NFLX,TSLA
20200302,0.0,NFLX
20200306,0.0,NFLX
20200309,0.0,NFLX
20200310,0.0,NFLX
20200311,0.0,AAPL,AMD
20200320,0.0,AMZN
20200323,0.0,AMZN
20200324,0.0,AMD,AMZN,NFLX,NVDA,ROKU
20200325,0.0,AMD,AMZN,BA,BABA,BAC,JPM,FB,MSFT,NFLX,NVDA,DIS,ROKU
20200326,0.0,AMD,AMZN,BA,BABA,MSFT,NFLX,NVDA,DIS,ROKU
20200327,0.0,AAPL,AMD,AMZN,BA,BABA,BAC,GOOGL,JPM,FB,MSFT,NFLX,NVDA,TSLA,DIS,ROKU
20200330,0.0,AAPL,AMD,AMZN,BA,BABA,BAC,GOOGL,JPM,FB,MSFT,NFLX,NVDA,TSLA,DIS,ROKU
20200331,0.0,AAPL,AMD,AMZN,BA,BABA,BAC,GOOGL,JPM,FB,MSFT,NFLX,NVDA,TSLA,DIS,ROKU
20200401,0.0,AAPL,AMD,AMZN,BA,BABA,GOOGL,JPM,FB,MSFT,NFLX,NVDA,TSLA,DIS,ROKU
20200402,0.0,AAPL,AMD,AMZN,BA,BABA,BAC,GOOGL,JPM,FB,MSFT,NFLX,NVDA,TSLA,DIS,ROKU
20200403,0.0,AAPL,AMD,AMZN,BA,BABA,BAC,GOOGL,JPM,FB,MSFT,NFLX,NVDA,TSLA,DIS
20200406,0.0,AAPL,AMD,AMZN,BA,BABA,BAC,GOOGL,JPM,FB,NFLX,TSLA,DIS
20200407,0.0,AAPL,AMD,AMZN,BABA,BAC,GOOGL,JPM,FB,NFLX,NVDA,TSLA,DIS
20200408,0.0,AAPL,AMD,AMZN,BABA,BAC,GOOGL,JPM,FB,NFLX,TSLA
20200409,0.0,AAPL,AMD,AMZN,BABA,GOOGL,FB,NFLX,NVDA,TSLA,DIS,ROKU
20200413,0.0,AAPL,BABA,BAC,GOOGL,JPM,FB,TSLA,DIS,ROKU
20200414,1.0,AMZN,BAC,GOOGL,JPM,FB,DIS
20200415,0.0,AMZN,BAC,GOOGL,JPM,FB,NFLX,DIS
20200416,0.0,AMD,AMZN,BA,BAC,GOOGL,JPM,FB,NFLX,DIS
20200417,1.0,AMZN,BA,BAC,GOOGL,JPM,NFLX,NVDA,DIS
20200420,0.0,AMZN,BA,BAC,GOOGL,JPM,NFLX,NVDA,DIS
20200421,0.0,AAPL,AMZN,BA,BAC,GOOGL,JPM,FB,NFLX,NVDA,DIS
20200422,0.0,AMZN,GOOGL,NFLX,NVDA,TSLA,DIS,ROKU
20200423,0.0,AAPL,AMZN,GOOGL,NFLX,NVDA,TSLA,DIS,ROKU
20200424,1.0,AAPL,AMZN,GOOGL,FB,NFLX,NVDA,TSLA,DIS,ROKU
20200427,1.0,AAPL,AMD,AMZN,GOOGL,FB,NFLX,NVDA,TSLA,DIS,ROKU
20200428,1.0,AAPL,AMD,AMZN,BABA,BAC,GOOGL,JPM,FB,MSFT,NVDA,TSLA,DIS,ROKU
20200429,1.0,AAPL,AMZN,BA,BABA,BAC,GOOGL,JPM,FB,NVDA,TSLA,DIS
20200430,1.0,AMZN,BABA,BAC,GOOGL,JPM,TSLA,DIS
20200501,1.0,AAPL,BAC,GOOGL,JPM,FB,V
20200504,1.0,AAPL,BAC,GOOGL,JPM,FB,NVDA,TSLA,V,ROKU
20200505,1.0,AAPL,BAC,GOOGL,JPM,FB,NVDA,TSLA,V,ROKU
20200506,1.0,AAPL,BAC,GOOGL,JPM,FB,NFLX,NVDA,TSLA,V,ROKU
20200507,1.0,GOOGL,JPM,FB,NFLX,NVDA,TSLA,V
20200508,1.0,GOOGL,JPM,FB,NFLX,NVDA,TSLA,V,ROKU
20200511,1.0,AMD,BABA,GOOGL,FB,NFLX,NVDA,TSLA,V,ROKU
20200512,1.0,BABA,GOOGL,FB,MSFT,NFLX,NVDA,TSLA,V,ROKU
20200513,1.0,AMD,BABA,GOOGL,FB,MSFT,NFLX,NVDA,V,ROKU
20200514,1.0,BABA,GOOGL,FB,MSFT,NFLX,NVDA,TSLA,V,ROKU
20200515,1.0,AMD,BABA,GOOGL,FB,MSFT,NFLX,NVDA,TSLA,V
20200518,1.0,AMD,AMZN,BAC,GOOGL,FB,MSFT,NFLX,NVDA,TSLA,V
20200519,1.0,AMD,AMZN,BABA,BAC,GOOGL,FB,MSFT,NFLX,NVDA,TSLA,V
20200520,1.0,AMD,AMZN,BABA,BAC,GOOGL,JPM,MSFT,NFLX,NVDA,TSLA,V
20200521,1.0,AAPL,AMD,AMZN,BABA,BAC,GOOGL,JPM,FB,NVDA,TSLA,V
20200522,1.0,AAPL,AMD,AMZN,BABA,BAC,GOOGL,JPM,FB,NVDA,V
20200526,1.0,AAPL,AMZN,BABA,GOOGL,FB,NVDA,TSLA,V
20200527,1.0,AAPL,AMZN,BABA,GOOGL,FB,NVDA,TSLA,V
20200528,1.0,AAPL,AMZN,BABA,BAC,GOOGL,FB,MSFT,NVDA,TSLA,V
20200529,1.0,AAPL,AMZN,BABA,BAC,GOOGL,JPM,FB,MSFT,NVDA,TSLA,V
20200601,1.0,AAPL,AMZN,BA,BAC,GOOGL,JPM,FB,NVDA,TSLA,V
20200602,1.0,AAPL,AMZN,BA,BAC,GOOGL,JPM,FB,MSFT,NVDA,TSLA,V
20200603,1.0,AAPL,AMZN,BA,BAC,GOOGL,JPM,FB,MSFT,TSLA
20200604,1.0,AAPL,BA,BAC,GOOGL,JPM,MSFT,TSLA,V
20200605,1.0,AAPL,AMZN,BA,BAC,GOOGL,JPM,NVDA,TSLA
20200608,1.0,AAPL,AMZN,BA,BABA,BAC,GOOGL,JPM,MSFT,NFLX,TSLA,ROKU
20200609,1.0,AAPL,AMZN,BA,BABA,BAC,GOOGL,JPM,FB,MSFT,NFLX,NVDA,TSLA,ROKU
20200610,1.0,AAPL,AMZN,BA,BABA,BAC,GOOGL,JPM,FB,MSFT,NFLX,NVDA,TSLA,ROKU
20200611,0.0,AAPL,AMD,AMZN,BA,BABA,BAC,JPM,MSFT,NFLX,NVDA,TSLA,ROKU
20200612,1.0,AAPL,AMD,AMZN,BA,BABA,BAC,JPM,FB,MSFT,NFLX,NVDA,TSLA
20200615,1.0,AAPL,AMD,AMZN,BA,BABA,BAC,JPM,FB,MSFT,NFLX,NVDA,TSLA
20200616,1.0,AAPL,AMD,AMZN,BA,BABA,BAC,GOOGL,JPM,FB,MSFT,NFLX,NVDA,TSLA
20200617,1.0,AAPL,AMD,AMZN,BA,BABA,GOOGL,FB,MSFT,NFLX,NVDA,TSLA,ROKU
20200618,1.0,AAPL,AMD,AMZN,BABA,GOOGL,FB,MSFT,NFLX,NVDA,TSLA,V
20200619,1.0,AAPL,AMD,AMZN,BABA,FB,MSFT,NFLX,NVDA,TSLA,V,ROKU
20200622,1.0,AAPL,AMD,AMZN,BABA,GOOGL,FB,MSFT,NFLX,NVDA,TSLA,V,ROKU
20200623,1.0,AAPL,AMZN,BABA,GOOGL,FB,MSFT,NFLX,NVDA,TSLA,V,ROKU
20200624,1.0,AAPL,AMZN,BA,BABA,GOOGL,MSFT,NFLX,V,ROKU
20200625,1.0,AAPL,AMZN,BABA,GOOGL,FB,MSFT,NFLX,NVDA,TSLA,V,ROKU
20200626,1.0,AAPL,AMZN,MSFT,NFLX,NVDA,TSLA,V,ROKU
20200629,1.0,AAPL,AMZN,MSFT,NFLX,NVDA,TSLA,V
20200630,1.0,AAPL,AMZN,MSFT,NFLX,NVDA,TSLA,V
20200701,1.0,AAPL,AMZN,GOOGL,FB,MSFT,NFLX,NVDA,TSLA,V,ROKU
20200702,1.0,AAPL,AMZN,BABA,GOOGL,FB,MSFT,NFLX,NVDA,TSLA,V,ROKU
20200706,1.0,AAPL,AMZN,BABA,GOOGL,FB,MSFT,NFLX,NVDA,TSLA,V,ROKU
20200707,1.0,AAPL,AMZN,BABA,GOOGL,FB,MSFT,NFLX,NVDA,TSLA,V,ROKU
20200708,1.0,AAPL,AMD,AMZN,BA,BABA,GOOGL,FB,MSFT,NFLX,NVDA,TSLA,V,ROKU
20200709,1.0,AAPL,AMZN,BA,BABA,GOOGL,FB,MSFT,NFLX,NVDA,TSLA,V,ROKU
20200710,1.0,AAPL,AMD,AMZN,BA,BABA,BAC,GOOGL,JPM,FB,MSFT,NFLX,NVDA,TSLA,ROKU
20200713,1.0,AAPL,AMD,AMZN,BABA,BAC,GOOGL,JPM,FB,MSFT,NFLX,NVDA,TSLA,V,ROKU
20200714,1.0,AAPL,AMD,AMZN,BABA,BAC,GOOGL,JPM,FB,MSFT,NFLX,NVDA,TSLA,V,ROKU
20200715,1.0,AAPL,AMD,AMZN,BA,BABA,BAC,GOOGL,JPM,FB,MSFT,NFLX,NVDA,TSLA,V,ROKU
20200716,1.0,AAPL,AMD,AMZN,BA,BABA,BAC,GOOGL,JPM,FB,NFLX,NVDA,TSLA,V,ROKU
20200717,1.0,AAPL,AMD,AMZN,BABA,BAC,GOOGL,JPM,FB,NFLX,NVDA,TSLA,V,ROKU
20200720,1.0,AAPL,AMD,AMZN,BABA,BAC,GOOGL,JPM,FB,MSFT,NFLX,NVDA,TSLA,V,ROKU
20200721,1.0,AAPL,AMD,AMZN,BABA,GOOGL,JPM,FB,MSFT,NVDA,TSLA,V,ROKU
20200722,1.0,AAPL,AMD,AMZN,BA,BAC,GOOGL,JPM,NVDA,TSLA,V,ROKU
20200723,1.0,AMD,BA,JPM,TSLA,V,ROKU
20200724,1.0,AMD,BA,BAC,JPM,V
20200727,1.0,AMD,BAC,GOOGL,JPM,NVDA,TSLA,V,ROKU
20200728,1.0,AMD,BABA,BAC,JPM,V
20200729,1.0,AMD,AMZN,BABA,BAC,GOOGL,JPM,MSFT,NVDA,V
20200730,1.0,AMD,BABA,BAC,GOOGL,JPM,MSFT,NVDA,V
20200731,1.0,AAPL,AMD,AMZN,BABA,BAC,JPM,FB,MSFT,NVDA,ROKU
20200803,1.0,AAPL,AMD,AMZN,BABA,BAC,JPM,FB,NFLX,NVDA,ROKU
20200804,1.0,AAPL,AMD,AMZN,BABA,BAC,JPM,FB,MSFT,NFLX,NVDA,ROKU
20200805,1.0,AAPL,AMD,BABA,BAC,JPM,FB,MSFT,NFLX,NVDA,ROKU
20200806,1.0,AAPL,AMD,AMZN,BABA,BAC,JPM,FB,MSFT,NFLX,NVDA,V,ROKU
20200807,1.0,AAPL,AMD,AMZN,BABA,BAC,JPM,FB,MSFT,NFLX,NVDA,V,ROKU
20200810,1.0,AAPL,AMD,AMZN,BA,BAC,JPM,FB,MSFT,NFLX,NVDA,V
20200811,1.0,AAPL,AMD,AMZN,BA,BAC,JPM,FB,MSFT,NFLX,NVDA,V
20200812,1.0,AAPL,AMD,AMZN,BA,BABA,BAC,JPM,FB,MSFT,NFLX,NVDA,V
20200813,1.0,AAPL,AMD,AMZN,BA,BABA,BAC,GOOGL,JPM,FB,MSFT,NVDA,V
20200814,1.0,AAPL,AMD,BA,BABA,BAC,GOOGL,JPM,FB,MSFT,NVDA,V
20200817,1.0,AAPL,AMD,AMZN,BA,BAC,GOOGL,JPM,FB,NVDA,TSLA,V
20200818,1.0,AAPL,AMZN,BA,BAC,GOOGL,JPM,FB,NVDA,TSLA,V
20200819,1.0,AAPL,AMZN,BA,BAC,GOOGL,JPM,FB,NVDA,TSLA,V
20200820,1.0,AAPL,AMZN,BA,BABA,GOOGL,JPM,FB,NFLX,NVDA,TSLA,V
20200821,1.0,AAPL,AMZN,BABA,GOOGL,MSFT,NFLX,NVDA,TSLA,V
20200824,1.0,AAPL,AMD,AMZN,BABA,GOOGL,FB,MSFT,NFLX,NVDA,TSLA,V
20200825,1.0,AAPL,AMD,AMZN,BABA,GOOGL,FB,MSFT,NFLX,NVDA,TSLA,V,ROKU
20200826,1.0,AAPL,AMD,AMZN,BABA,GOOGL,FB,MSFT,NVDA,TSLA,V
20200827,1.0,AAPL,AMD,AMZN,BABA,GOOGL,FB,MSFT,NFLX,NVDA,TSLA,V
20200828,1.0,AAPL,AMD,AMZN,BA,BABA,BAC,GOOGL,JPM,FB,MSFT,NFLX,NVDA,TSLA,V
20200831,1.0,AAPL,AMD,AMZN,BA,BABA,BAC,GOOGL,JPM,FB,MSFT,NFLX,NVDA,TSLA,V,ROKU
20200901,1.0,AAPL,AMD,AMZN,BA,BABA,BAC,GOOGL,JPM,FB,MSFT,NFLX,NVDA,TSLA,V,ROKU
20200902,1.0,AAPL,AMD,AMZN,BA,BABA,BAC,GOOGL,JPM,FB,MSFT,NFLX,NVDA,TSLA,V,ROKU
20200903,1.0,AAPL,AMZN,BA,BABA,BAC,GOOGL,JPM,FB,MSFT,NFLX,NVDA,TSLA,V,ROKU
20200904,1.0,AMZN,BABA,BAC,GOOGL,JPM,FB,MSFT,NFLX,TSLA,V,ROKU
20200908,1.0,BAC,NFLX,ROKU
20200909,1.0,JPM,ROKU
20200910,1.0,JPM
20200916,1.0,BAC
20200917,1.0,BAC
20200918,1.0,ROKU
20200921,1.0,BABA,NVDA
20200922,1.0,BABA,NVDA,ROKU
20200923,1.0,BABA,NVDA,TSLA,ROKU
20200924,1.0,BABA,NVDA,TSLA,ROKU
20200925,1.0,AMD,BABA,MSFT,NFLX,NVDA,TSLA,ROKU
20200928,1.0,AMD,AMZN,BA,BABA,MSFT,NFLX,NVDA,ROKU
20200929,1.0,AAPL,AMD,AMZN,BA,BABA,MSFT,NFLX,NVDA,ROKU
20200930,1.0,AAPL,AMD,AMZN,BA,BABA,FB,MSFT,NFLX,NVDA,ROKU
20201001,1.0,AAPL,AMZN,BA,BABA,GOOGL,FB,MSFT,NFLX,NVDA,TSLA,V,ROKU,ZM
20201002,1.0,AAPL,AMZN,BA,BABA,GOOGL,JPM,FB,MSFT,NFLX,NVDA,V,ROKU,ZM
20201005,1.0,AAPL,AMZN,BA,BABA,GOOGL,JPM,FB,MSFT,NFLX,NVDA,V,ROKU,ZM
20201006,1.0,AAPL,AMZN,BA,BABA,GOOGL,JPM,FB,MSFT,NFLX,NVDA,V,ROKU
20201007,1.0,AAPL,AMZN,BA,BABA,GOOGL,JPM,FB,MSFT,NFLX,NVDA,TSLA,V,ROKU
20201008,1.0,AMZN,BA,BABA,GOOGL,JPM,FB,MSFT,NFLX,NVDA,TSLA,V,ROKU,ZM
20201009,1.0,AMZN,BA,BABA,JPM,FB,NFLX,NVDA,TSLA,ROKU
20201012,1.0,BA,BABA,JPM,NVDA,TSLA,V,ROKU,ZM
20201013,1.0,AMZN,BA,BABA,JPM,NVDA,TSLA,V,ROKU,ZM
20201014,1.0,AMZN,BA,BABA,GOOGL,JPM,FB,MSFT,NFLX,NVDA,TSLA,V,ROKU,ZM
20201015,1.0,AMZN,BA,BABA,GOOGL,JPM,FB,MSFT,NFLX,NVDA,TSLA,V,ROKU,ZM
20201016,1.0,AMZN,BA,BABA,GOOGL,JPM,FB,MSFT,NFLX,NVDA,TSLA,V,ROKU,ZM
20201019,1.0,AAPL,AMZN,BA,BABA,GOOGL,JPM,FB,MSFT,NFLX,TSLA,V,ROKU,ZM
20201020,1.0,AMZN,BA,BABA,JPM,FB,MSFT,NFLX,TSLA,V,ROKU,ZM
20201021,1.0,AMZN,BA,BABA,JPM,MSFT,V,ROKU,ZM
20201022,1.0,BA,BABA,FB,MSFT,ZM
20201023,1.0,BA,BABA,JPM,MSFT,ROKU,ZM
20201026,1.0,BA,BABA,GOOGL,FB,ZM
20201027,1.0,BABA,GOOGL,FB,ZM
20201028,1.0,BABA,ZM
20201029,1.0,BABA,GOOGL,FB
20201030,1.0,GOOGL
20201102,1.0,BABA,GOOGL
20201103,1.0,GOOGL
20201104,1.0,AMZN,GOOGL,JPM,FB,NFLX
20201105,1.0,AMZN,GOOGL,FB,NFLX
20201106,1.0,AMZN,GOOGL,FB,NFLX
20201109,1.0,BA,GOOGL,JPM,FB,NFLX
20201110,1.0,BA,GOOGL,JPM,NFLX
20201111,1.0,BA,GOOGL,JPM,FB,NFLX
20201112,1.0,AMZN,BA,GOOGL,JPM,MSFT,NFLX,NVDA,SHOP
20201113,1.0,AAPL,AMZN,BA,GOOGL,JPM,FB,MSFT,NFLX,SHOP
20201116,1.0,AAPL,AMZN,GOOGL,JPM,FB,MSFT,NFLX
20201117,1.0,AMZN,BA,GOOGL,JPM,MSFT,NFLX
20201118,1.0,BA,JPM
20201119,1.0,BA,JPM
20201120,1.0,BA,JPM,ZM
20201123,1.0,AMZN,BA,JPM,TSLA,ZM
20201124,1.0,BA,GOOGL,JPM,FB,TSLA,ZM
20201125,1.0,BA,GOOGL,JPM,FB,TSLA
20201127,1.0,BA,GOOGL,JPM,FB,TSLA,V
20201130,1.0,AMD,AMZN,BA,JPM,FB,TSLA
20201201,1.0,AAPL,AMD,AMZN,BA,BABA,GOOGL,JPM,FB,NFLX,NVDA,TSLA,ZM,SHOP
20201202,1.0,AAPL,AMD,AMZN,BA,BABA,GOOGL,JPM,FB,NVDA,TSLA,ZM,SHOP,NIO
20201203,1.0,AMD,BA,BABA,GOOGL,JPM,FB,NFLX,TSLA,ZM
20201204,1.0,AAPL,AMD,BA,BABA,GOOGL,JPM,FB,NFLX,TSLA
20201207,1.0,AAPL,AMD,BA,BABA,GOOGL,JPM,FB,NFLX,TSLA
20201208,1.0,AAPL,AMD,AMZN,BA,GOOGL,JPM,FB,MSFT,NFLX,TSLA,SHOP
20201209,1.0,AAPL,AMD,BA,GOOGL,FB,NFLX,TSLA
20201210,1.0,AAPL,AMD,BA,GOOGL,FB,NFLX,TSLA
20201211,1.0,AAPL,AMD,BA,BABA,NFLX,TSLA
20201214,1.0,AAPL,AMD,AMZN,BA,BABA,JPM,MSFT,NFLX,TSLA
20201215,1.0,AAPL,AMD,BA,BABA,JPM,NFLX,TSLA
20201216,1.0,AAPL,AMD,BABA,MSFT,NFLX,TSLA
20201217,1.0,AAPL,AMD,MSFT,NFLX,TSLA,NIO
20201218,1.0,AAPL,AMD,BABA,MSFT,NFLX,TSLA,SHOP,NIO
20201221,1.0,AAPL,MSFT,NFLX,TSLA,SHOP,NIO
20201222,1.0,AAPL,AMD,JPM,MSFT,NFLX,ZM,SHOP,NIO
20201223,1.0,AAPL,AMD,BABA,MSFT,NFLX,NVDA,TSLA,ZM,SHOP,NIO
20201224,1.0,AAPL,AMD,JPM,MSFT,NVDA,TSLA,SHOP,NIO
20201228,1.0,AAPL,GOOGL,JPM,FB,MSFT,NFLX,TSLA,SHOP,NIO
20201229,1.0,AAPL,GOOGL,JPM,FB,MSFT,NFLX,TSLA,SHOP,NIO
20201230,1.0,AAPL,GOOGL,JPM,FB,MSFT,NFLX,TSLA,SHOP,NIO
20201231,1.0,AAPL,GOOGL,JPM,FB,MSFT,NFLX,NVDA,TSLA,NIO
20210104,1.0,AAPL,GOOGL,JPM,FB,TSLA
20210105,1.0,AAPL,GOOGL,JPM,FB,TSLA
20210106,1.0,GOOGL,JPM,FB,TSLA
20210107,1.0,GOOGL,JPM,FB,TSLA
20210108,1.0,AAPL,GOOGL,JPM,FB,TSLA,NIO
20210111,1.0,GOOGL,JPM,TSLA,NIO
20210112,1.0,GOOGL,JPM,TSLA,ZM,NIO
20210113,1.0,GOOGL,JPM,TSLA,ZM,NIO
20210114,1.0,AMD,GOOGL,JPM,NVDA,TSLA,ZM,NIO
20210115,1.0,BA,GOOGL,JPM,NVDA,TSLA,ZM,NIO
20210119,1.0,GOOGL,JPM,TSLA,ZM,NIO
20210120,1.0,AMZN,JPM,FB,NFLX,NVDA,TSLA,ZM,SHOP,NIO
20210121,1.0,AMZN,BA,GOOGL,JPM,FB,NFLX,NVDA,TSLA,ZM,SHOP,NIO
20210122,1.0,AMZN,BA,GOOGL,FB,MSFT,NFLX,NVDA,TSLA,ZM,SHOP,NIO
20210125,1.0,AAPL,AMZN,BA,GOOGL,FB,NFLX,NVDA,TSLA,ZM,SHOP
20210126,1.0,AAPL,AMZN,BA,GOOGL,FB,MSFT,NFLX,NVDA,TSLA,ZM
20210127,0.0,AAPL,AMZN,GOOGL,FB,MSFT,NFLX,TSLA,ZM
20210128,1.0,AAPL,AMZN,BABA,GOOGL,FB,MSFT,NFLX,ZM
20210129,0.0,AAPL,AMZN,BABA,GOOGL,FB,MSFT,NFLX,ZM
20210201,1.0,AAPL,AMZN,BABA,GOOGL,FB,MSFT,NFLX,NVDA,TSLA,ZM,NIO
20210202,1.0,AAPL,AMZN,GOOGL,FB,MSFT,NVDA,TSLA,ZM,SHOP
20210203,1.0,AAPL,AMD,AMZN,BABA,GOOGL,JPM,FB,MSFT,NVDA,TSLA,ZM,SHOP
20210204,1.0,AAPL,AMZN,BA,GOOGL,JPM,FB,MSFT,NVDA,TSLA,ZM,SHOP
20210205,1.0,AMZN,BA,BABA,GOOGL,FB,MSFT,NVDA,TSLA,ZM,SHOP
20210208,1.0,AMZN,BA,BABA,GOOGL,JPM,MSFT,ZM,SHOP
20210209,1.0,AMD,BA,GOOGL,JPM,MSFT,ZM,SHOP
20210210,1.0,AMD,AMZN,BA,GOOGL,JPM,FB,MSFT,NFLX,NVDA,TSLA,ZM,SHOP,NIO
20210211,1.0,AAPL,AMZN,BA,GOOGL,JPM,FB,MSFT,NFLX,NVDA,TSLA,ZM,SHOP,NIO
20210212,1.0,AAPL,AMZN,BA,GOOGL,JPM,FB,MSFT,NFLX,NVDA,TSLA,ZM,SHOP,NIO
20210216,1.0,AAPL,BA,GOOGL,JPM,FB,MSFT,NFLX,NVDA,ZM,SHOP,NIO
20210217,1.0,AAPL,BA,GOOGL,JPM,FB,MSFT,NFLX,NVDA,ZM,SHOP,NIO
20210218,1.0,AMD,AMZN,BA,GOOGL,JPM,FB,MSFT,NFLX,NVDA,ZM,SHOP
20210219,1.0,BA,GOOGL,JPM,FB,NVDA,ZM,SHOP
20210222,1.0,BA,JPM,FB,NVDA,SHOP
20210223,1.0,BA,JPM,FB
20210224,1.0,BA,GOOGL,JPM,FB,NVDA
20210225,0.0,BA,JPM
20210226,1.0,BA,JPM
20210301,1.0,BA,JPM
20210302,1.0,BA,JPM
20210303,1.0,BA,JPM
20210304,0.0,BA,JPM
20210305,1.0,BA,GOOGL,JPM
20210308,1.0,BA,GOOGL,JPM,FB
20210309,1.0,BA,GOOGL,JPM,FB
20210310,1.0,BA,GOOGL,JPM
20210311,1.0,BA,GOOGL,JPM,FB,TSLA,NIO
20210312,1.0,BA,GOOGL,JPM,FB,TSLA
20210315,1.0,BA,GOOGL,JPM,FB,TSLA,NIO
20210316,1.0,BA,GOOGL,JPM,FB,TSLA,NIO
20210317,1.0,AMZN,BA,GOOGL,JPM,FB,TSLA,NIO
20210318,1.0,AMZN,BA,JPM,FB,MSFT,NFLX,TSLA,NIO
20210319,1.0,BA,GOOGL,JPM,FB,MSFT,NFLX,TSLA,ZM,NIO
20210322,1.0,BA,GOOGL,FB,MSFT,NFLX,TSLA,ZM,SHOP,NIO
20210323,1.0,AAPL,AMD,AMZN,BA,GOOGL,FB,MSFT,NFLX,TSLA,ZM,SHOP,NIO
20210324,1.0,AAPL,AMZN,FB,MSFT,NFLX,SHOP
20210325,1.0,AAPL,AMZN,GOOGL,FB,MSFT,NFLX
20210326,1.0,AAPL,AMZN,GOOGL,MSFT,NFLX
20210329,1.0,AAPL,AMZN,GOOGL,MSFT,NFLX,NVDA
20210330,1.0,AAPL,AMZN,BABA,GOOGL,JPM,FB,MSFT,NFLX
20210331,1.0,AAPL,AMZN,GOOGL,JPM,FB,MSFT,NFLX,TSLA,ZM
20210401,1.0,AAPL,AMD,AMZN,GOOGL,JPM,FB,MSFT,NFLX,TSLA,ZM,SHOP
20210405,1.0,AAPL,AMD,AMZN,BA,GOOGL,JPM,FB,MSFT,NFLX,NVDA,TSLA,ZM,SHOP
20210406,1.0,AAPL,AMD,AMZN,BA,GOOGL,JPM,FB,MSFT,NFLX,NVDA,TSLA,ZM,SHOP
20210407,1.0,AAPL,AMD,AMZN,BA,GOOGL,JPM,FB,MSFT,NFLX,NVDA,TSLA,ZM,SHOP,NIO
20210408,1.0,AAPL,AMD,AMZN,BA,BABA,GOOGL,JPM,FB,MSFT,NFLX,NVDA,TSLA,ZM,SHOP
20210409,1.0,AAPL,AMD,AMZN,BA,BABA,GOOGL,JPM,FB,MSFT,NFLX,NVDA,TSLA,ZM,SHOP
20210412,1.0,AAPL,AMZN,BA,BABA,GOOGL,JPM,FB,MSFT,NFLX,NVDA,TSLA,ZM,SHOP,NIO
20210413,1.0,AAPL,AMZN,BA,BABA,GOOGL,JPM,FB,MSFT,NFLX,NVDA,TSLA,ZM,SHOP,NIO
20210414,1.0,AAPL,AMD,AMZN,BA,BABA,GOOGL,FB,MSFT,NFLX,NVDA,TSLA,ZM,SHOP
20210415,1.0,AAPL,AMD,AMZN,BABA,GOOGL,FB,MSFT,NFLX,NVDA,TSLA,ZM,SHOP
20210416,1.0,AAPL,AMD,AMZN,BABA,GOOGL,FB,MSFT,NFLX,NVDA,TSLA,ZM,SHOP
20210419,1.0,AMD,AMZN,BABA,GOOGL,MSFT,NFLX,NVDA,TSLA,ZM,SHOP
20210420,1.0,AMD,AMZN,BABA,GOOGL,MSFT,NFLX,NVDA,TSLA,ZM
20210421,1.0,AMD,AMZN,BABA,GOOGL,JPM,MSFT,NVDA,TSLA,ZM,NIO
20210422,1.0,AMZN,BABA,GOOGL,MSFT,NVDA,TSLA,ZM,NIO
20210423,1.0,AMD,AMZN,GOOGL,MSFT,NVDA,TSLA,ZM,NIO
20210426,1.0,AMD,AMZN,GOOGL,MSFT,NVDA,TSLA,ZM
20210427,1.0,AAPL,AMD,AMZN,GOOGL,JPM,FB,MSFT,TSLA,ZM,NIO
20210428,1.0,AAPL,AMD,AMZN,GOOGL,JPM,FB,ZM,NIO
20210429,1.0,AMZN,GOOGL,JPM,ZM,NIO
20210430,1.0,AMZN,GOOGL,JPM,ZM,NIO
20210503,1.0,AMD,AMZN,BA,BABA,GOOGL,JPM,FB,ZM,SHOP
20210504,1.0,AMD,BA,BABA,GOOGL,JPM,FB
20210505,1.0,AMD,BA,BABA,GOOGL,JPM,FB
20210506,1.0,BA,BABA,GOOGL,JPM,FB,SHOP
20210507,1.0,BA,BABA,GOOGL,JPM,FB
20210510,1.0,BA,JPM,FB
20210511,1.0,BA,JPM,FB
20210512,0.0,JPM
20210513,1.0,JPM
20210514,1.0,JPM
20210517,1.0,JPM,ZM
20210518,1.0,JPM,ZM
20210519,1.0,JPM,ZM
20210520,1.0,JPM,ZM
20210521,1.0,AMD,AMZN,BA,JPM,NFLX,ZM
20210524,1.0,AMD,AMZN,BA,JPM,NFLX,ZM,NIO
20210525,1.0,AMD,AMZN,BA,JPM,MSFT,NFLX,ZM,SHOP,NIO
20210526,1.0,AMZN,BA,BABA,JPM,FB,NFLX,ZM,NIO
20210527,1.0,AMZN,BA,BABA,GOOGL,JPM,FB,ZM,NIO
20210528,1.0,AMZN,BA,BABA,GOOGL,JPM,FB,ZM,NIO
20210601,1.0,AMZN,BA,BABA,GOOGL,JPM,FB,MSFT,NFLX,ZM
20210602,1.0,BA,BABA,GOOGL,JPM,FB,MSFT,ZM
20210603,1.0,AMD,AMZN,BA,BABA,GOOGL,JPM,FB,MSFT,NFLX,ZM
20210604,1.0,AMD,AMZN,BA,BABA,GOOGL,JPM,FB,NFLX,ZM
20210607,1.0,AMZN,BA,BABA,GOOGL,JPM,FB,NVDA,ZM
20210608,1.0,AMD,AMZN,BA,GOOGL,JPM,FB,MSFT,NVDA,TSLA,ZM
20210609,1.0,AMD,BA,BABA,GOOGL,JPM,FB,MSFT,NFLX,NVDA,TSLA,ZM
20210610,1.0,BA,BABA,GOOGL,FB,NFLX,NVDA,TSLA,ZM
20210611,1.0,GOOGL,NFLX,NVDA,TSLA,ZM
20210614,1.0,AMD,GOOGL,FB,MSFT,NVDA,TSLA,ZM,SQ
20210615,1.0,AMD,GOOGL,FB,MSFT,NFLX,NVDA,TSLA,ZM,SQ
20210616,1.0,AMD,GOOGL,FB,MSFT,NFLX,NVDA,TSLA,ZM
20210617,1.0,AMD,GOOGL,FB,MSFT,NFLX,NVDA,TSLA,ZM
20210618,1.0,GOOGL,MSFT,NFLX,NVDA,TSLA,ZM
20210621,1.0,AMZN,GOOGL,MSFT,NFLX,NVDA,TSLA,ZM
20210622,1.0,AMZN,GOOGL,FB,MSFT,NVDA,TSLA,ZM
20210623,1.0,AAPL,AMZN,BABA,GOOGL,FB,MSFT,NFLX,NVDA,TSLA,ZM
20210624,1.0,AAPL,AMZN,BA,BABA,GOOGL,FB,MSFT,NVDA,TSLA,ZM
20210625,1.0,AAPL,AMZN,BA,BABA,GOOGL,FB,MSFT,NVDA,TSLA,ZM
20210628,1.0,AAPL,AMZN,BA,BABA,GOOGL,FB,MSFT,NVDA,TSLA,ZM
20210629,1.0,AAPL,AMZN,BA,BABA,GOOGL,FB,MSFT,NFLX,NVDA,TSLA,ZM
20210630,1.0,AAPL,AMZN,BA,GOOGL,JPM,FB,MSFT,NVDA,TSLA,ZM
20210701,1.0,AAPL,BA,GOOGL,JPM,FB,MSFT,NVDA,TSLA,ZM
20210702,1.0,AAPL,AMZN,BA,GOOGL,JPM,FB,MSFT,NVDA,TSLA,ZM
20210706,1.0,AAPL,AMZN,BA,GOOGL,JPM,FB,MSFT,NVDA,TSLA,ZM
20210707,1.0,AAPL,AMD,AMZN,GOOGL,JPM,FB,MSFT,NFLX,NVDA,TSLA,ZM,NIO
20210708,1.0,AAPL,AMD,AMZN,GOOGL,JPM,FB,MSFT,NFLX,NVDA,TSLA,ZM,NIO,SQ
20210709,1.0,AAPL,AMD,AMZN,GOOGL,JPM,FB,MSFT,NVDA,TSLA,ZM,NIO
20210712,1.0,AAPL,AMD,AMZN,GOOGL,JPM,FB,MSFT,NVDA,TSLA,ZM
20210713,1.0,AAPL,AMD,AMZN,GOOGL,JPM,MSFT,NFLX,NVDA,TSLA
20210714,1.0,AAPL,AMZN,GOOGL,JPM,MSFT,TSLA,SQ
20210715,1.0,AAPL,AMZN,GOOGL,JPM,MSFT,SQ
20210716,1.0,AAPL,AMZN,GOOGL,JPM,MSFT
20210719,1.0,AAPL,AMZN
20210720,1.0,AAPL,GOOGL,MSFT,TSLA
20210721,1.0,AAPL,GOOGL,JPM,FB,MSFT,TSLA,NIO
20210722,1.0,AAPL,GOOGL,JPM,MSFT,TSLA,NIO,SQ
20210723,1.0,AAPL,GOOGL,FB,MSFT,SQ
20210726,1.0,AAPL,GOOGL,MSFT,SQ
20210727,1.0,AAPL,GOOGL,FB,MSFT,SQ
20210728,1.0,AMZN,BA,GOOGL,FB,MSFT,NVDA,SQ
20210729,1.0,AMD,AMZN,BA,GOOGL,JPM,FB,MSFT,NVDA,TSLA,SQ
20210730,1.0,AMD,BA,GOOGL,JPM,FB,MSFT,NVDA,TSLA,NIO,SQ
20210802,1.0,AAPL,AMD,BA,GOOGL,FB,MSFT,NVDA,TSLA,MRNA
20210803,1.0,AAPL,AMD,BA,GOOGL,FB,MSFT,NVDA,TSLA,ZM,MRNA
20210804,1.0,AAPL,AMD,GOOGL,FB,MSFT,NFLX,NVDA,TSLA,MRNA
20210805,1.0,AAPL,AMD,GOOGL,FB,MSFT,NFLX,NVDA,TSLA,NIO,MRNA
20210806,1.0,AMD,BABA,GOOGL,NFLX,NVDA,TSLA,ZM,NIO,MRNA
20210809,1.0,AMD,BABA,GOOGL,NFLX,NVDA,TSLA,ZM,NIO,MRNA
20210810,1.0,AMD,BABA,GOOGL,NFLX,NVDA,TSLA,ZM,NIO,MRNA
20210811,1.0,AMD,BABA,GOOGL,MSFT,NFLX,TSLA,NIO,MRNA
20210812,1.0,AAPL,AMD,BA,GOOGL,FB,MSFT,NFLX,TSLA,MRNA
20210813,1.0,AAPL,AMD,BA,GOOGL,FB,MSFT,NFLX,NVDA,TSLA,MRNA
20210816,1.0,AAPL,BA,GOOGL,FB,MSFT,NFLX,NVDA,MRNA
20210817,1.0,AAPL,GOOGL,FB,MSFT,NFLX
20210818,1.0,GOOGL,MSFT,NFLX
20210819,1.0,FB,MSFT,NFLX,AMC
20210820,1.0,AAPL,GOOGL,FB,MSFT,NFLX,NVDA
20210823,1.0,AAPL,AMD,GOOGL,FB,MSFT,NFLX,NVDA
20210824,1.0,AAPL,AMZN,GOOGL,FB,MSFT,NFLX,NVDA
20210825,1.0,AAPL,AMZN,GOOGL,FB,MSFT,NFLX,NVDA
20210826,1.0,AMZN,GOOGL,FB,MSFT,NFLX,NVDA,TSLA
20210827,1.0,AMZN,GOOGL,FB,MSFT,NFLX,NVDA,AMC
20210830,1.0,AAPL,AMZN,GOOGL,FB,MSFT,NFLX,NVDA
20210831,1.0,AAPL,AMZN,GOOGL,FB,MSFT,NFLX,NVDA,TSLA,NIO
20210901,1.0,AAPL,AMD,AMZN,GOOGL,FB,MSFT,NFLX,NVDA,TSLA,NIO,AMC
20210902,1.0,AAPL,AMD,AMZN,GOOGL,FB,MSFT,NFLX,NVDA,TSLA,NIO,AMC,MRNA
20210903,1.0,AAPL,AMD,AMZN,GOOGL,FB,NFLX,NVDA,TSLA,NIO,AMC,MRNA
20210907,1.0,AAPL,AMD,AMZN,GOOGL,FB,NFLX,NVDA,TSLA,NIO,AMC,MRNA
20210908,1.0,AAPL,AMZN,GOOGL,FB,NFLX,NVDA,TSLA,NIO,AMC,MRNA
20210909,1.0,AAPL,AMZN,GOOGL,FB,NFLX,TSLA,NIO,AMC,MRNA
20210910,1.0,AAPL,AMZN,FB,NFLX,NVDA,TSLA,NIO,AMC,MRNA
20210913,1.0,AAPL,AMZN,FB,NFLX,TSLA,AMC,MRNA
20210914,1.0,AMZN,MSFT,NFLX,TSLA,AMC,MRNA
20210915,1.0,AMZN,MSFT,NFLX,TSLA,MRNA
20210916,1.0,AMZN,MSFT,NFLX,TSLA,AMC,MRNA
20210917,1.0,MSFT,NFLX,TSLA,MRNA
20210920,0.0,GOOGL,MSFT,MRNA
20210921,0.0,GOOGL,MSFT
20210922,1.0,GOOGL,MSFT,MRNA
20210923,1.0,AMD,BA,GOOGL,MSFT,NVDA
20210924,1.0,AMD,BA,GOOGL,MSFT,NFLX,NVDA,TSLA
20210927,1.0,AMD,BA,GOOGL,MSFT,NFLX,NVDA,TSLA
20210928,1.0,AMD,BA,NFLX,TSLA
20210929,1.0,BA,NFLX,TSLA
20210930,1.0,BA,NFLX,TSLA
20211001,1.0,AMD,BA,NFLX,TSLA,NIO
20211004,1.0,AMD,BA,NFLX,TSLA
20211005,1.0,AMD,BA,NFLX,TSLA
20211006,1.0,AMD,BA,NFLX,TSLA
20211007,1.0,AMD,BA,BABA,NFLX,TSLA,NIO
20211008,1.0,AMD,BA,BABA,MSFT,NFLX,TSLA,NIO
20211011,1.0,AAPL,AMD,BA,BABA,GOOGL,MSFT,NFLX,TSLA,NIO,AMC
20211012,1.0,AAPL,AMD,BA,BABA,GOOGL,MSFT,NFLX,NVDA,TSLA,NIO,AMC
20211013,1.0,AAPL,AMD,BA,BABA,GOOGL,MSFT,NFLX,NVDA,TSLA,NIO,AMC
20211014,1.0,AAPL,AMD,AMZN,BA,BABA,GOOGL,MSFT,NFLX,NVDA,TSLA,NIO,AMC
20211015,1.0,AAPL,AMD,BA,BABA,GOOGL,MSFT,NFLX,NVDA,TSLA,NIO,AMC
20211018,1.0,AAPL,AMD,AMZN,BA,BABA,GOOGL,FB,MSFT,NFLX,NVDA,TSLA,AMC
20211019,1.0,AAPL,AMD,AMZN,BABA,GOOGL,FB,MSFT,NFLX,NVDA,TSLA,AMC
20211020,1.0,AAPL,AMD,AMZN,BABA,GOOGL,FB,MSFT,NVDA,TSLA,SQ,AMC
20211021,1.0,AAPL,AMD,AMZN,BABA,GOOGL,FB,MSFT,NFLX,NVDA,TSLA,AMC
20211022,1.0,AAPL,AMD,AMZN,BABA,GOOGL,FB,MSFT,NFLX,NVDA,TSLA,NIO,SQ,AMC
20211025,1.0,AAPL,AMD,AMZN,BABA,GOOGL,FB,MSFT,NFLX,NVDA,TSLA,NIO,SQ,AMC
20211026,1.0,AAPL,AMD,AMZN,BABA,GOOGL,FB,MSFT,NFLX,NVDA,TSLA,NIO
20211027,1.0,AAPL,AMD,AMZN,BABA,GOOGL,MSFT,NFLX,NVDA,TSLA,NIO
20211028,1.0,AAPL,AMD,AMZN,BABA,GOOGL,MSFT,NFLX,NVDA,TSLA,NIO
20211029,1.0,AAPL,AMD,AMZN,BABA,GOOGL,MSFT,NFLX,NVDA,TSLA,NIO,SQ
20211101,1.0,AAPL,AMD,AMZN,BABA,GOOGL,MSFT,NFLX,NVDA,TSLA,SQ,MRNA
20211102,1.0,AAPL,AMD,AMZN,GOOGL,MSFT,NFLX,NVDA,TSLA,NIO,SQ,MRNA
20211103,1.0,AAPL,AMD,AMZN,GOOGL,MSFT,NFLX,NVDA,TSLA,NIO,AMC
20211104,1.0,AAPL,AMD,AMZN,GOOGL,FB,MSFT,NFLX,NVDA,TSLA,NIO,AMC
20211105,1.0,AAPL,AMD,GOOGL,FB,MSFT,NVDA,TSLA,NIO,AMC
20211108,1.0,AAPL,AMD,GOOGL,FB,MSFT,NVDA,TSLA,NIO,AMC
20211109,1.0,AAPL,AMD,GOOGL,FB,MSFT,NVDA,TSLA,NIO,AMC
20211110,1.0,AMD,AMZN,FB,MSFT,NVDA,TSLA,NIO,AMC
20211111,1.0,AAPL,AMD,AMZN,BABA,FB,MSFT,NVDA,NIO,AMC
20211112,1.0,AAPL,AMD,AMZN,BABA,GOOGL,FB,MSFT,NVDA,NIO,AMC
20211115,1.0,AAPL,AMD,AMZN,BABA,GOOGL,FB,MSFT,NVDA,NIO,AMC
20211116,1.0,AAPL,AMD,AMZN,BABA,GOOGL,FB,MSFT,NFLX,NVDA,NIO,AMC
20211117,1.0,AAPL,AMD,AMZN,BABA,GOOGL,FB,MSFT,NFLX,NVDA,AMC
20211118,1.0,AAPL,AMD,GOOGL,FB,MSFT,NFLX,NVDA,AMC,MRNA
20211119,1.0,AAPL,AMD,AMZN,BA,GOOGL,FB,MSFT,NFLX,NVDA,MRNA
20211122,1.0,AAPL,AMD,AMZN,FB,MSFT,NFLX,NVDA,NIO,AMC,MRNA
20211123,1.0,AAPL,AMD,AMZN,FB,MSFT,NVDA,AMC
20211124,1.0,AAPL,AMD,AMZN,GOOGL,FB,MSFT,NFLX,NVDA,NIO,AMC
20211126,0.0,AAPL,AMD,AMZN,FB,NFLX,NVDA,MRNA
20211129,0.0,AAPL,AMD,AMZN,FB,NVDA,MRNA
20211130,0.0,AAPL,AMD,NVDA,TSLA,MRNA
20211201,0.0,AAPL,NVDA,TSLA
20211202,0.0,AAPL,MSFT,NVDA,MRNA
20211203,0.0,AAPL,MRNA
20211206,0.0,AAPL
20211207,0.0,AAPL,GOOGL,NVDA,MRNA,PYPL
20211208,1.0,AAPL,BA,GOOGL,NVDA,MRNA,PYPL
20211209,0.0,AAPL,BA,GOOGL,MSFT,PYPL
20211210,1.0,AAPL,BA,GOOGL,MSFT,PYPL
20211213,1.0,AAPL,BA,FB,MSFT,PYPL
20211214,0.0,AAPL,BA,BABA,GOOGL,FB,MSFT,PYPL
20211215,1.0,AAPL,AMZN,BABA,GOOGL,FB,MSFT,PYPL
20211216,1.0,AAPL,AMZN,BABA,GOOGL,FB,MSFT,PYPL
20211217,0.0,AAPL,AMZN,BABA,GOOGL,FB,MSFT,AMC,MRNA,PYPL
20211220,0.0,AAPL,GOOGL,FB,MRNA
20211221,1.0,AAPL,GOOGL,FB
20211222,1.0,AAPL,AMD,GOOGL,FB,MSFT,NFLX,TSLA
20211223,1.0,AAPL,AMD,GOOGL,FB,MSFT,NFLX,TSLA,AMC,PYPL
20211227,1.0,AAPL,AMD,AMZN,GOOGL,FB,MSFT,NFLX,NVDA,TSLA,AMC,PYPL
20211228,1.0,AAPL,AMD,AMZN,GOOGL,FB,MSFT,NFLX,NVDA,TSLA,AMC,PYPL
20211229,1.0,AAPL,AMD,AMZN,GOOGL,FB,MSFT,NFLX,NVDA,TSLA,AMC,PYPL
20211230,1.0,AMD,AMZN,BABA,GOOGL,FB,MSFT,NFLX,NVDA,TSLA,AMC,PYPL
20211231,1.0,AAPL,AMD,AMZN,BABA,GOOGL,FB,MSFT,NFLX,NVDA,TSLA,PYPL
20220103,1.0,AAPL,AMD,AMZN,BABA,MSFT,NFLX
20220104,1.0,AAPL,AMD,AMZN,BA,BABA,GOOGL,MSFT,NFLX,NVDA,PYPL
20220105,1.0,AAPL,AMZN,BA,BABA,FB,TSLA,NIO,PYPL
20220106,1.0,BA,BABA,TSLA
20220107,1.0,BABA,PYPL
20220110,1.0,BA,BABA,PYPL
20220111,1.0,BABA
20220112,1.0,BABA,TSLA,PYPL
20220113,1.0,BABA,TSLA
20220114,1.0,BABA
20220118,0.0,BA,BABA
20220119,0.0,BA,BABA
20220120,0.0,BABA
20220201,0.0,PYPL
20220202,0.0,AMD,MRNA
20220203,0.0,AAPL,AMD,BA,BABA,MSFT,NFLX,MRNA
20220204,0.0,AAPL,AMD,BA,BABA,MSFT,MRNA
20220207,0.0,AAPL,BA,BABA,MSFT,NIO,MRNA
20220208,1.0,AAPL,AMD,BA,BABA,MSFT,NIO,MRNA
20220209,1.0,AAPL,BA,BABA,MSFT,TSLA,NIO,MRNA
20220210,0.0,AAPL,BA,BABA,GOOGL,MSFT,TSLA,NIO,MRNA
20220211,0.0,AAPL,AMD,AMZN,BA,BABA,GOOGL,NVDA,NIO,AMC
20220214,0.0,AAPL,AMD,AMZN,BA,GOOGL,NVDA,AMC
20220215,0.0,AAPL,AMZN,BA,BABA,TSLA,AMC
20220216,0.0,AAPL,AMD,AMZN,BABA,TSLA,AMC
20220217,0.0,AAPL,AMZN,BABA,NVDA,NIO,AMC
20220218,0.0,AAPL,AMZN,BABA,NIO,AMC
20220222,0.0,AMC
20220225,0.0,AMD,AMZN,GOOGL,MSFT,NVDA
20220228,0.0,AMD,AMZN,GOOGL,MSFT,NVDA,AMC,MRNA
20220301,0.0,AMZN,GOOGL,MSFT,MRNA
20220302,0.0,AMD,AMZN,GOOGL,MSFT,MRNA
20220303,0.0,AMD,GOOGL,MSFT,MRNA
20220304,0.0,GOOGL,MSFT
20220307,0.0,GOOGL,MSFT
20220308,0.0,GOOGL,MSFT,TSLA
20220309,0.0,AAPL,GOOGL,MSFT,TSLA
20220310,0.0,AAPL,GOOGL,MSFT,TSLA
20220311,0.0,GOOGL
20220314,0.0,MRNA
20220315,0.0,MRNA
20220316,0.0,AMD,AMZN,NVDA,TSLA,MRNA,PYPL
20220317,0.0,AMD,AMZN,BABA,GOOGL,MSFT,NVDA,NIO,MRNA,PYPL
20220318,0.0,AAPL,AMD,AMZN,BA,BABA,GOOGL,MSFT,NVDA,NIO,MRNA,PYPL
20220321,1.0,AAPL,AMD,AMZN,BA,BABA,GOOGL,MSFT,NVDA,NIO,MRNA,PYPL
20220322,1.0,AAPL,AMD,BA,GOOGL,MSFT,NVDA,TSLA,NIO,AMC,MRNA,PYPL
20220323,1.0,AAPL,AMD,BA,BABA,GOOGL,MSFT,NVDA,NIO,AMC,PYPL
20220324,1.0,AAPL,BA,BABA,GOOGL,MSFT,NVDA,NIO,AMC,MRNA
20220325,1.0,AAPL,BA,BABA,GOOGL,MSFT,NVDA,NIO,AMC,MRNA
20220328,1.0,AAPL,BA,BABA,GOOGL,MSFT,NVDA,MRNA
20220329,1.0,AAPL,BABA,GOOGL,MSFT,NVDA,MRNA
20220330,1.0,AAPL,AMD,AMZN,BABA,GOOGL,MSFT,NVDA,MRNA
20220331,1.0,AAPL,AMD,AMZN,BABA,GOOGL,MSFT,NVDA,TSLA,AMC,MRNA
20220401,1.0,AMZN,BABA,GOOGL,MSFT,NVDA,SQ,AMC,MRNA
20220404,1.0,AMZN,MSFT,AMC
20220405,1.0,AMZN,GOOGL,MSFT,NVDA,AMC
20220406,1.0,AMZN,GOOGL,FB,MSFT,NFLX,AMC,PYPL
20220407,1.0,FB,MSFT,NFLX,AMC,PYPL
20220408,1.0,FB
20220429,0.0,BABA,MSFT
20220502,0.0,MSFT
20220503,0.0,FB,MSFT
20220504,0.0,AMD,FB,MSFT,NVDA,MRNA,PYPL
20220505,0.0,AMD,BABA,FB,MSFT,NVDA,MRNA,PYPL
20220506,0.0,AMD,BABA,BAC,FB,MSFT
20220509,0.0,AMD,BABA,BAC,FB,MSFT
20220510,0.0,AMD,BAC,GOOGL,FB
20220511,0.0,AMD,BAC
20220512,0.0,AMD,BAC
20220513,0.0,AMD,BAC
20220516,0.0,AMD
20220517,0.0,AMD
20220518,0.0,AMD
20220519,0.0,AMD,NFLX,MRNA
20220520,0.0,AMD,BABA,NFLX,MRNA,PYPL
20220523,0.0,AMD,BABA,BAC,NFLX,MRNA,PYPL
20220524,0.0,AMD,BABA,BAC,NFLX,AMC,MRNA,PYPL
20220525,0.0,AMD,BABA,BAC,MSFT,NFLX,NVDA,MRNA,PYPL
20220526,0.0,AMD,BA,BABA,BAC,MSFT,NVDA,MRNA,PYPL
20220527,0.0,AAPL,AMD,AMZN,BA,BABA,BAC,MSFT,NVDA,TSLA,MRNA,PYPL
20220531,0.0,AAPL,AMD,AMZN,BA,BABA,BAC,MSFT,NVDA,TSLA,PYPL
20220601,0.0,AAPL,AMD,AMZN,BA,BABA,BAC,GOOGL,MSFT,NVDA,TSLA,AMC,PYPL
20220602,0.0,AAPL,AMD,AMZN,BA,BABA,BAC,GOOGL,FB,MSFT,NVDA,TSLA,AMC
20220603,0.0,AAPL,AMD,AMZN,BA,BABA,BAC,GOOGL,FB,MSFT,NVDA,TSLA,AMC,PYPL
20220606,0.0,AAPL,AMD,AMZN,BA,BABA,BAC,GOOGL,FB,MSFT,NVDA,TSLA,AMC
20220607,0.0,AAPL,AMD,AMZN,BA,BABA,BAC,GOOGL,FB,MSFT,NVDA,TSLA,AMC,PYPL
20220608,0.0,AAPL,AMD,AMZN,BA,BAC,GOOGL,MSFT,NVDA,TSLA,AMC
20220609,0.0,AAPL,AMD,AMZN,BA,BABA,GOOGL,META,MSFT,NVDA,TSLA,AMC
20220610,0.0,BA,BABA,GOOGL
20220613,0.0,BABA
20220614,0.0,BABA
20220615,0.0,BABA
20220616,0.0,BABA
20220617,0.0,BABA,AMC
20220621,0.0,BABA
20220623,0.0,BA,BABA
20220624,0.0,AAPL,AMZN,BA,GOOGL,MSFT,NVDA,TSLA,MRNA
20220627,0.0,AAPL,AMZN,BA,BABA,BAC,GOOGL,MSFT,NVDA,TSLA,AMC,MRNA
20220628,0.0,AAPL,AMZN,BA,BABA,BAC,GOOGL,MSFT,NVDA,TSLA,AMC,MRNA
20220629,0.0,AAPL,AMZN,BA,BABA,BAC,GOOGL,MSFT,TSLA
20220630,0.0,AAPL,AMZN,BA,BABA,BAC,GOOGL,META,MSFT,TSLA,AMC
20220701,0.0,AAPL,AMZN,BA,BABA,BAC,GOOGL,META,MSFT,NFLX,TSLA,SQ,MRNA
20220705,0.0,AAPL,AMZN,BA,BABA,GOOGL,META,MSFT,NFLX,TSLA,SQ,MRNA,PYPL
20220706,0.0,AAPL,AMZN,BA,BABA,GOOGL,META,MSFT,NFLX,TSLA,SQ,MRNA,PYPL
20220707,0.0,AAPL,AMZN,BA,BABA,GOOGL,META,MSFT,NFLX,TSLA,SQ,MRNA,PYPL
20220708,0.0,AAPL,AMZN,BA,BABA,GOOGL,META,MSFT,NFLX,TSLA
20220711,0.0,AAPL,AMZN,BA,GOOGL,META,MSFT,MRNA
20220712,0.0,AAPL,AMZN,BA,GOOGL,META,MSFT,TSLA,MRNA
20220713,0.0,AAPL,AMZN,BA,GOOGL,META,MSFT,TSLA,SQ,MRNA
20220714,0.0,AAPL,AMD,AMZN,BA,GOOGL,META,MSFT,NVDA,TSLA,MRNA
20220715,0.0,AAPL,AMD,AMZN,BA,BAC,GOOGL,META,MSFT,NFLX,NVDA,TSLA,SQ,MRNA,PYPL
20220718,0.0,AAPL,AMD,AMZN,BA,BAC,GOOGL,META,MSFT,NFLX,NVDA,TSLA,SQ,MRNA,PYPL
20220719,0.0,AAPL,AMD,AMZN,BA,BAC,GOOGL,META,MSFT,NFLX,NVDA,TSLA,SQ,MRNA,PYPL
20220720,0.0,AAPL,AMD,AMZN,BA,BAC,META,MSFT,NFLX,NVDA,TSLA,SQ,MRNA,PYPL
20220721,1.0,AAPL,AMD,AMZN,BA,BAC,META,MSFT,NFLX,NVDA,TSLA,SQ,PYPL
20220722,1.0,AAPL,AMD,AMZN,BA,BAC,META,MSFT,NFLX,NVDA,TSLA,SQ,PYPL
20220725,1.0,AAPL,AMD,AMZN,BA,BAC,META,MSFT,NFLX,NVDA,TSLA,SQ,PYPL
20220726,0.0,AAPL,AMD,AMZN,BA,BAC,META,MSFT,NFLX,NVDA,TSLA,SQ,PYPL
20220727,1.0,AAPL,AMD,AMZN,BA,BAC,GOOGL,META,MSFT,NFLX,NVDA,TSLA,SQ,PYPL
20220728,1.0,AAPL,AMD,AMZN,BA,BAC,GOOGL,META,MSFT,NFLX,NVDA,TSLA,SQ,PYPL
20220729,1.0,AAPL,AMD,AMZN,BA,BAC,GOOGL,MSFT,NFLX,NVDA,TSLA,SQ,MRNA,PYPL
20220801,1.0,AMD,AMZN,BAC,GOOGL,MSFT,NFLX,NVDA,TSLA,SQ,MRNA,PYPL
20220802,0.0,AAPL,AMD,AMZN,BAC,GOOGL,MSFT,NFLX,NVDA,TSLA,SQ,MRNA,PYPL,XOM
20220803,1.0,AAPL,AMD,AMZN,BAC,GOOGL,MSFT,NFLX,NVDA,TSLA,SQ,PYPL,XOM
20220804,1.0,AAPL,AMD,AMZN,BAC,GOOGL,META,MSFT,NFLX,NVDA,TSLA,SQ,PYPL,XOM
20220805,1.0,AAPL,AMD,AMZN,BAC,GOOGL,META,MSFT,NVDA,TSLA,SQ,MRNA,PYPL,XOM
20220808,1.0,AAPL,AMD,AMZN,BAC,GOOGL,META,MSFT,NVDA,TSLA,SQ,MRNA,PYPL,XOM
20220809,1.0,AAPL,AMD,AMZN,BAC,GOOGL,META,MSFT,NVDA,TSLA,SQ,MRNA,PYPL,XOM
20220810,1.0,AAPL,AMD,AMZN,BAC,GOOGL,META,MSFT,NVDA,TSLA,SQ,MRNA,PYPL,XOM
20220811,1.0,AAPL,AMD,AMZN,BAC,GOOGL,META,MSFT,NFLX,NVDA,TSLA,SQ,MRNA,PYPL
20220812,1.0,AAPL,AMD,AMZN,BAC,GOOGL,META,MSFT,NVDA,TSLA,SQ,MRNA,PYPL
20220815,1.0,AAPL,AMD,AMZN,BABA,BAC,GOOGL,META,MSFT,NVDA,TSLA,SQ,MRNA,PYPL,XOM
20220816,1.0,AAPL,AMD,AMZN,BABA,BAC,GOOGL,META,MSFT,NVDA,TSLA,SQ,PYPL,XOM
20220817,1.0,AAPL,AMZN,BAC,GOOGL,META,MSFT,NFLX,TSLA,PYPL,XOM
20220818,1.0,AAPL,AMZN,BAC,GOOGL,META,MSFT,TSLA,PYPL,XOM
20220819,1.0,AAPL,AMZN,BAC,GOOGL,META,MSFT,NFLX,NVDA,TSLA,PYPL,XOM
20220822,1.0,AAPL,AMZN,BAC,GOOGL,META,MSFT,NFLX,NVDA,TSLA,PYPL,XOM
20220823,1.0,AAPL,BAC,TSLA,XOM
20220824,1.0,BAC,TSLA,XOM
20220825,1.0,AAPL,BAC,TSLA,XOM
20220826,0.0,XOM
20220829,0.0,XOM
20220830,0.0,XOM
20220831,0.0,XOM
20220902,0.0,XOM
20220906,0.0,XOM
20220907,0.0,JPM
20220908,1.0,JPM
20220909,1.0,AMZN,BAC,GOOGL,JPM,META,TSLA,MRNA
20220912,1.0,AAPL,AMZN,BAC,GOOGL,JPM,META,MSFT,TSLA,MRNA
20220913,0.0,AAPL,AMZN,BAC,JPM,META,NFLX,TSLA,MRNA
20220914,0.0,AAPL,BAC,JPM,TSLA,MRNA
20220915,0.0,AAPL,AMZN,BAC,JPM,TSLA,MRNA,PYPL,XOM
20220916,0.0,AAPL,AMZN,BAC,JPM,TSLA,MRNA,PYPL,XOM
20220919,0.0,AAPL,BAC,JPM,TSLA,MRNA,PYPL,XOM
20220920,0.0,AAPL,BAC,JPM,MRNA,XOM
20220921,0.0,AAPL,TSLA
20220922,0.0,AAPL,TSLA
20220926,0.0,NFLX
20221004,0.0,GOOGL,MSFT,XOM,CVX
20221005,0.0,GOOGL,MSFT,NVDA,XOM,CVX
20221006,0.0,GOOGL,MSFT,NFLX,NVDA,XOM,CVX
20221007,0.0,GOOGL,MSFT,XOM,CVX
20221010,0.0,GOOGL,NFLX,PYPL,CVX
20221011,0.0,GOOGL,XOM,CVX
20221012,0.0,GOOGL,XOM,CVX
20221013,0.0,AAPL,GOOGL,MSFT,XOM
20221014,0.0,AAPL,GOOGL,XOM,CVX
20221017,0.0,AAPL,BAC,GOOGL,JPM,XOM,CVX
20221018,0.0,AAPL,BAC,GOOGL,JPM,XOM,CVX
20221019,0.0,AAPL,BAC,GOOGL,JPM,NFLX
20221020,0.0,AAPL,BAC,GOOGL,JPM,NFLX,NVDA,XOM,CVX
20221021,0.0,AAPL,AMD,BAC,GOOGL,JPM,NFLX,NVDA,XOM,CVX
20221024,0.0,AAPL,AMD,BAC,GOOGL,JPM,META,NFLX,NVDA,PYPL,XOM,CVX
20221025,0.0,AAPL,AMD,BAC,GOOGL,JPM,META,NFLX,NVDA,TSLA,PYPL,XOM,CVX
20221026,0.0,AAPL,BAC,JPM,META,NFLX,NVDA,TSLA,PYPL,XOM,CVX
20221027,0.0,AAPL,BAC,JPM,NFLX,NVDA,TSLA,PYPL,XOM,CVX
20221028,0.0,AAPL,AMD,BAC,JPM,NFLX,NVDA,TSLA,PYPL,XOM,CVX
20221031,0.0,AAPL,AMD,BAC,JPM,NFLX,NVDA,TSLA,PYPL,XOM,CVX
20221101,0.0,AAPL,AMD,BAC,JPM,MSFT,NFLX,NVDA,TSLA,PYPL,XOM,CVX
20221102,0.0,AAPL,AMD,BAC,JPM,NFLX,NVDA,TSLA,XOM,CVX
20221103,1.0,AMD,BAC,JPM,NVDA,TSLA,XOM,CVX
20221104,1.0,AMD,BAC,JPM,NVDA,TSLA,XOM,CVX
20221107,1.0,AMD,BABA,BAC,JPM,NVDA,XOM,CVX
20221108,1.0,AMD,BABA,BAC,JPM,NVDA,XOM,CVX
20221109,0.0,AMD,BABA,BAC,JPM,NVDA,XOM,CVX
20221110,1.0,AMD,BABA,BAC,JPM,MSFT,NVDA,PYPL,XOM,CVX
20221111,1.0,AMD,BABA,BAC,GOOGL,JPM,MSFT,NVDA,PYPL,XOM,CVX
20221114,1.0,AMD,BABA,BAC,GOOGL,JPM,MSFT,NVDA,PYPL,XOM,CVX
20221115,1.0,AAPL,AMD,BAC,GOOGL,JPM,META,MSFT,NVDA,PYPL,XOM,CVX
20221116,1.0,AAPL,AMD,AMZN,BABA,BAC,GOOGL,JPM,META,MSFT,NVDA,PYPL,XOM,CVX
20221117,1.0,AAPL,AMD,AMZN,BAC,GOOGL,JPM,META,MSFT,NVDA,PYPL,XOM,CVX
20221118,1.0,AAPL,AMD,AMZN,BABA,BAC,GOOGL,JPM,META,MSFT,NVDA,PYPL
20221121,1.0,AAPL,AMD,AMZN,BABA,BAC,GOOGL,JPM,META,MSFT,NFLX,NVDA,PYPL
20221122,1.0,AAPL,AMD,AMZN,BABA,BAC,GOOGL,JPM,META,MSFT,NFLX,NVDA,PYPL,XOM,CVX
20221123,1.0,AAPL,AMD,AMZN,BABA,BAC,GOOGL,JPM,MSFT,NFLX,NVDA,XOM,CVX
20221125,1.0,AAPL,AMD,BABA,GOOGL,JPM,MSFT,NFLX,NVDA,XOM,CVX
20221128,1.0,AAPL,AMD,BABA,GOOGL,MSFT,NVDA
20221129,1.0,AMD,GOOGL,JPM,MSFT
20221130,1.0,AMD,BAC,GOOGL,JPM,MSFT,NVDA,TSLA
20221201,1.0,AMD,AMZN,GOOGL,JPM,MSFT,NFLX,NVDA,TSLA,XOM
20221202,1.0,AMD,AMZN,BAC,GOOGL,JPM,MSFT,NFLX,NVDA,TSLA,XOM
20221205,1.0,AMD,AMZN,GOOGL,META,MSFT,NFLX,NVDA,TSLA,XOM
20221206,1.0,GOOGL,META,MSFT,NFLX,NVDA,TSLA
20221207,1.0,GOOGL,META,MSFT,NFLX,NVDA
20221208,1.0,GOOGL,META,MSFT,NFLX,NVDA
20221209,1.0,GOOGL,JPM,META,MSFT,NFLX,NVDA
20221212,1.0,AAPL,GOOGL,JPM,META,MSFT,NFLX,NVDA
20221213,1.0,AAPL,JPM,META,MSFT,NFLX,NVDA
20221214,1.0,AAPL,JPM,META,MSFT,NFLX,NVDA
20221215,1.0,JPM,MSFT
20221216,1.0,JPM,MSFT
20221219,1.0,JPM,META,MSFT,XOM
20221220,1.0,JPM,META,MSFT,NVDA,XOM,CVX
20221221,1.0,BAC,JPM,META,MSFT,NVDA,XOM,CVX
20221222,1.0,BAC,JPM,META,MSFT,XOM,CVX
20221223,1.0,BAC,JPM,META,XOM,CVX
20221227,1.0,BAC,JPM,META,XOM,CVX
20221228,1.0,BAC,JPM,XOM,CVX
20221229,1.0,BAC,JPM,META,NFLX,PYPL,XOM,CVX
20221230,1.0,BAC,JPM,META,NFLX,PYPL,XOM,CVX
20230103,1.0,AMZN,BAC,GOOGL,JPM,NFLX,XOM,CVX
20230104,1.0,AMZN,BABA,BAC,GOOGL,JPM,NFLX,XOM,CVX
20230105,1.0,BABA,BAC,GOOGL,JPM,NFLX,PYPL,XOM,CVX
20230106,1.0,AMD,AMZN,BABA,BAC,GOOGL,JPM,META,NFLX,PYPL,XOM,CVX
20230109,1.0,AMD,AMZN,BABA,BAC,GOOGL,JPM,META,NFLX,NVDA,PYPL,XOM,CVX
20230110,1.0,AAPL,AMD,AMZN,BABA,BAC,GOOGL,JPM,META,NFLX,NVDA,TSLA,PYPL,XOM,CVX
20230111,1.0,AAPL,AMD,AMZN,BABA,BAC,GOOGL,JPM,META,MSFT,NFLX,NVDA,TSLA,PYPL,XOM,CVX
20230112,1.0,AAPL,AMD,AMZN,BABA,BAC,GOOGL,JPM,MSFT,NFLX,NVDA,TSLA,XOM,CVX
20230113,1.0,AAPL,AMD,AMZN,BABA,BAC,GOOGL,JPM,META,MSFT,NFLX,NVDA,TSLA,XOM,CVX
20230117,1.0,AAPL,AMD,AMZN,BABA,BAC,GOOGL,JPM,META,MSFT,NFLX,NVDA,TSLA,PYPL,XOM,CVX
20230118,1.0,AAPL,AMD,AMZN,BABA,BAC,GOOGL,JPM,META,MSFT,NFLX,NVDA,TSLA,PYPL,XOM,CVX
20230119,1.0,AAPL,AMD,AMZN,BABA,BAC,GOOGL,META,MSFT,NFLX,NVDA,TSLA,PYPL,XOM,CVX
20230120,1.0,AAPL,AMD,AMZN,BABA,BAC,META,MSFT,NFLX,NVDA,TSLA,PYPL,XOM,CVX
20230123,1.0,AAPL,AMD,AMZN,BABA,BAC,MSFT,NFLX,NVDA,TSLA,XOM,CVX
20230124,1.0,AAPL,AMD,AMZN,BABA,BAC,GOOGL,JPM,META,MSFT,NFLX,NVDA,TSLA,XOM,CVX
20230125,1.0,AAPL,AMD,AMZN,BABA,BAC,GOOGL,JPM,META,MSFT,NFLX,NVDA,TSLA,XOM,CVX
20230126,1.0,AAPL,AMD,AMZN,BABA,BAC,GOOGL,JPM,MSFT,NFLX,NVDA,TSLA,XOM,CVX
20230127,1.0,AAPL,AMD,BABA,BAC,GOOGL,JPM,MSFT,NFLX,NVDA,TSLA,XOM,CVX
20230130,1.0,AAPL,AMD,AMZN,BAC,GOOGL,META,MSFT,NFLX,NVDA,TSLA,PYPL,XOM
20230131,1.0,AAPL,AMD,BAC,GOOGL,JPM,META,MSFT,NFLX,NVDA,TSLA,XOM
20230201,1.0,AAPL,AMD,AMZN,BAC,GOOGL,JPM,META,MSFT,NFLX,NVDA,TSLA,XOM,UNH
20230202,1.0,AAPL,AMD,AMZN,BAC,JPM,META,NFLX,NVDA,TSLA,UNH
20230203,1.0,AAPL,AMD,AMZN,BAC,GOOGL,JPM,META,MSFT,NFLX,NVDA,TSLA,UNH
20230206,1.0,AAPL,AMD,AMZN,BAC,GOOGL,JPM,META,MSFT,NFLX,NVDA,TSLA,UNH
20230207,1.0,AAPL,AMD,AMZN,BAC,JPM,META,MSFT,NVDA,TSLA,XOM,UNH
20230208,1.0,AAPL,AMD,AMZN,BAC,GOOGL,JPM,META,MSFT,NVDA,TSLA,XOM,UNH
20230209,1.0,AAPL,AMD,AMZN,BAC,JPM,META,MSFT,NVDA,TSLA,UNH
20230210,1.0,AAPL,AMD,AMZN,BAC,JPM,META,MSFT,NVDA,TSLA,XOM,UNH
20230213,1.0,AAPL,AMD,AMZN,BAC,JPM,META,MSFT,NFLX,NVDA,TSLA,XOM,UNH
20230214,1.0,AAPL,AMD,BAC,JPM,META,MSFT,NFLX,NVDA,TSLA,XOM,CVX,UNH
20230215,1.0,AAPL,AMD,JPM,MSFT,NVDA,TSLA,XOM,CVX,UNH
20230216,1.0,AAPL,JPM,NVDA,TSLA,XOM,CVX,UNH
20230217,1.0,AAPL,JPM,NVDA,TSLA,UNH
20230221,1.0,AAPL,TSLA,UNH
20230222,1.0,AAPL,TSLA,UNH
20230223,1.0,AAPL,NVDA,TSLA,UNH
20230224,1.0,AAPL,JPM,NVDA,TSLA,UNH
20230227,1.0,AAPL,JPM,NVDA,TSLA,UNH
20230228,1.0,AAPL,JPM,NVDA,TSLA,UNH
20230301,1.0,JPM,UNH
20230302,1.0,AMD,JPM,META,NVDA,UNH
20230303,1.0,AMD,JPM,META,NVDA,XOM,CVX
20230306,1.0,AAPL,AMD,GOOGL,JPM,META,MSFT,NVDA,XOM,CVX
20230307,1.0,AAPL,AMD,GOOGL,JPM,META,MSFT,NVDA,XOM,CVX
20230308,1.0,AAPL,AMD,GOOGL,JPM,META,MSFT,NVDA,XOM,CVX
20230309,1.0,AAPL,AMD,GOOGL,META,MSFT,XOM,CVX
20230310,0.0,AAPL,AMD,GOOGL,META,MSFT,XOM,CVX
20230313,0.0,AAPL,AMD,GOOGL,META,MSFT,XOM,CVX
20230314,1.0,AAPL,AMD,AMZN,GOOGL,META,MSFT,NVDA,XOM,CVX
20230315,0.0,AAPL,AMD,AMZN,GOOGL,META,MSFT,NVDA
20230316,1.0,AAPL,AMD,AMZN,GOOGL,META,MSFT,NVDA
20230317,0.0,AAPL,AMD,AMZN,GOOGL,META,NVDA
20230320,1.0,AAPL,AMD,AMZN,GOOGL,META,MSFT,NVDA,UNH
20230321,1.0,AAPL,AMD,AMZN,GOOGL,META,MSFT,NVDA,TSLA,UNH
20230322,1.0,AAPL,AMD,AMZN,BABA,GOOGL,META,MSFT,NVDA,TSLA,UNH
20230323,1.0,AAPL,AMD,AMZN,BABA,GOOGL,META,MSFT,NFLX,NVDA,TSLA,UNH
20230324,1.0,AAPL,AMD,AMZN,BABA,GOOGL,META,MSFT,NFLX,NVDA,TSLA,UNH
20230327,1.0,AAPL,AMD,AMZN,BABA,GOOGL,META,MSFT,NFLX,NVDA,TSLA,UNH
20230328,1.0,AAPL,AMD,AMZN,GOOGL,JPM,META,MSFT,NFLX,NVDA,TSLA,XOM,CVX,UNH
20230329,1.0,AAPL,AMD,AMZN,GOOGL,JPM,META,MSFT,NFLX,NVDA,TSLA,XOM,CVX,UNH
20230330,1.0,AAPL,AMD,AMZN,BAC,GOOGL,JPM,META,MSFT,NFLX,NVDA,TSLA,XOM,CVX,UNH
20230331,1.0,AAPL,AMD,AMZN,BAC,GOOGL,JPM,META,MSFT,NFLX,NVDA,TSLA,XOM,CVX,UNH
20230403,1.0,AAPL,AMZN,BABA,BAC,GOOGL,JPM,META,MSFT,NFLX,NVDA,TSLA,UNH
20230404,1.0,AAPL,AMZN,BAC,JPM,META,MSFT,NFLX,NVDA,TSLA,XOM,UNH
20230405,1.0,AAPL,AMZN,BAC,GOOGL,JPM,META,MSFT,NFLX,NVDA,TSLA,XOM,CVX,UNH
20230406,1.0,AAPL,AMZN,BAC,GOOGL,JPM,META,MSFT,NFLX,TSLA,XOM,CVX,UNH
20230410,1.0,AAPL,AMZN,BAC,GOOGL,JPM,META,MSFT,NFLX,NVDA,TSLA,XOM,CVX,UNH
20230411,1.0,AAPL,AMZN,BAC,GOOGL,JPM,META,MSFT,NFLX,NVDA,TSLA,XOM,CVX
20230412,1.0,AAPL,AMZN,BAC,GOOGL,JPM,META,MSFT,NFLX,NVDA,CVX
20230413,1.0,AAPL,AMZN,BAC,GOOGL,JPM,META,MSFT,NFLX,XOM,CVX,UNH
20230414,1.0,AAPL,AMZN,BAC,GOOGL,JPM,META,MSFT,NFLX,XOM,CVX,UNH
20230417,1.0,AAPL,BAC,GOOGL,JPM,META,MSFT,XOM,CVX,UNH
20230418,1.0,AAPL,BAC,GOOGL,JPM,META,MSFT,XOM,CVX,UNH
20230419,1.0,AAPL,AMZN,BAC,JPM,META,MSFT,NVDA,XOM,CVX
20230420,1.0,AAPL,AMZN,BAC,GOOGL,JPM,META,MSFT,NVDA,XOM,CVX
20230421,1.0,AAPL,AMZN,BAC,JPM,NVDA,XOM,CVX
20230424,1.0,AAPL,AMZN,BAC,JPM,NVDA,XOM,CVX
20230425,1.0,AAPL,AMZN,BAC,JPM,NVDA,XOM,CVX
20230426,1.0,AAPL,AMZN,BAC,JPM,MSFT,NVDA,XOM,CVX
20230427,1.0,AAPL,AMZN,BAC,GOOGL,JPM,META,MSFT,XOM,CVX
20230428,1.0,AAPL,AMZN,BAC,GOOGL,JPM,META,MSFT,NVDA,XOM,CVX
20230501,1.0,AAPL,GOOGL,JPM,META,MSFT,NVDA,CVX
20230502,1.0,AAPL,AMZN,GOOGL,JPM,META,MSFT,NVDA,UNH
20230503,1.0,GOOGL,JPM,META,MSFT,UNH
20230504,1.0,AMZN,GOOGL,META,MSFT,NVDA,UNH
20230505,1.0,AAPL,AMD,GOOGL,META,MSFT,NVDA,TSLA,UNH
20230508,1.0,AAPL,AMD,BABA,GOOGL,META,MSFT,NFLX,NVDA,TSLA,UNH
20230509,1.0,AAPL,AMD,AMZN,BABA,GOOGL,JPM,META,MSFT,NFLX,NVDA,TSLA,UNH
20230510,1.0,AAPL,AMD,AMZN,BABA,GOOGL,JPM,META,MSFT,NFLX,NVDA,TSLA,UNH
20230511,1.0,AAPL,AMD,AMZN,GOOGL,JPM,MSFT,NFLX,NVDA,TSLA,UNH
20230512,1.0,AAPL,AMD,AMZN,GOOGL,MSFT,NFLX,NVDA,TSLA,UNH
20230515,1.0,AAPL,AMD,AMZN,GOOGL,MSFT,NFLX,NVDA,TSLA,UNH
20230516,1.0,AAPL,AMD,AMZN,GOOGL,MSFT,NFLX,NVDA,TSLA,UNH
20230517,1.0,AAPL,AMD,AMZN,BAC,GOOGL,JPM,META,MSFT,NFLX,NVDA,TSLA,UNH
20230518,1.0,AAPL,AMD,AMZN,BABA,BAC,GOOGL,JPM,META,MSFT,NFLX,NVDA,TSLA,UNH
20230519,1.0,AAPL,AMD,AMZN,BAC,GOOGL,JPM,META,MSFT,NFLX,NVDA,TSLA,UNH
20230522,1.0,AAPL,AMD,AMZN,BAC,GOOGL,JPM,META,MSFT,NFLX,NVDA,TSLA,UNH
20230523,1.0,AMD,AMZN,BAC,GOOGL,JPM,META,MSFT,NFLX,NVDA,TSLA,UNH
20230524,1.0,AMD,AMZN,BAC,GOOGL,JPM,META,MSFT,NFLX,NVDA,TSLA,XOM,CVX,UNH
20230525,1.0,AMD,AMZN,BAC,GOOGL,JPM,META,MSFT,NFLX,NVDA,TSLA,XOM,CVX,UNH
20230526,1.0,AAPL,AMD,AMZN,BAC,GOOGL,JPM,META,MSFT,NFLX,NVDA,TSLA,XOM,CVX,UNH
20230530,1.0,AAPL,AMD,AMZN,BAC,GOOGL,JPM,META,MSFT,NFLX,NVDA,TSLA,XOM,CVX,UNH
20230531,1.0,AAPL,AMD,AMZN,BAC,GOOGL,JPM,META,MSFT,NFLX,NVDA,TSLA,XOM,CVX,UNH
20230601,1.0,AAPL,AMD,AMZN,BAC,GOOGL,JPM,META,MSFT,NFLX,NVDA,TSLA,XOM,CVX,UNH
20230602,1.0,AAPL,AMD,AMZN,BABA,BAC,GOOGL,JPM,META,MSFT,NFLX,NVDA,TSLA,XOM,CVX,UNH
20230605,1.0,AAPL,AMD,AMZN,BABA,BAC,GOOGL,META,MSFT,NFLX,NVDA,TSLA,XOM,CVX,UNH
20230606,1.0,AAPL,AMD,AMZN,BABA,BAC,GOOGL,JPM,META,MSFT,NFLX,NVDA,TSLA,XOM,CVX,UNH
20230607,1.0,AAPL,AMD,AMZN,BABA,BAC,JPM,META,MSFT,NFLX,NVDA,TSLA,XOM,CVX,UNH
20230608,1.0,AAPL,AMD,AMZN,BABA,BAC,GOOGL,JPM,META,MSFT,NFLX,NVDA,TSLA,XOM,CVX,UNH
20230609,1.0,AAPL,AMD,AMZN,BABA,BAC,JPM,META,MSFT,NFLX,NVDA,TSLA,XOM,UNH
20230612,1.0,AAPL,AMD,AMZN,BABA,BAC,JPM,META,NFLX,NVDA,TSLA,XOM,UNH
20230613,1.0,AAPL,AMZN,BABA,BAC,GOOGL,JPM,META,MSFT,NFLX,NVDA,TSLA,UNH
20230614,1.0,AAPL,AMD,AMZN,BABA,BAC,GOOGL,JPM,META,MSFT,NFLX,NVDA,TSLA
20230615,1.0,AAPL,AMD,AMZN,BABA,BAC,GOOGL,JPM,META,MSFT,NFLX,NVDA,TSLA
20230616,1.0,AAPL,AMD,AMZN,BABA,BAC,JPM,META,MSFT,NFLX,NVDA,TSLA
20230620,1.0,AAPL,AMZN,BABA,BAC,GOOGL,JPM,META,MSFT,NFLX,NVDA,TSLA
20230621,1.0,AAPL,BABA,BAC,GOOGL,JPM,META,NFLX,NVDA,TSLA
20230622,1.0,AAPL,AMZN,GOOGL,META,MSFT,NFLX,NVDA,TSLA
20230623,1.0,AAPL,AMZN,BABA,GOOGL,META,MSFT,NFLX,NVDA,TSLA
20230626,1.0,AAPL,AMZN,BABA,META,MSFT,NVDA
20230627,1.0,AAPL,AMZN,BABA,META,MSFT,NVDA,TSLA
20230628,1.0,AAPL,AMZN,META,MSFT,UNH
20230629,1.0,AAPL,AMZN,JPM,META,TSLA,UNH
20230630,1.0,AAPL,AMZN,JPM,META,TSLA,XOM,CVX
20230703,1.0,AAPL,AMZN,JPM,META,NFLX,TSLA,XOM,UNH,AVGO
20230705,1.0,AAPL,AMD,AMZN,GOOGL,JPM,META,MSFT,NFLX,TSLA,XOM,UNH
20230706,1.0,AAPL,AMD,AMZN,BAC,GOOGL,JPM,META,MSFT,NFLX,TSLA,XOM,UNH,AVGO
20230707,1.0,AAPL,AMD,BAC,GOOGL,JPM,META,NFLX,TSLA,XOM,UNH
20230710,1.0,AAPL,AMD,BABA,BAC,GOOGL,JPM,META,MSFT,NFLX,TSLA,XOM,UNH,AVGO
20230711,1.0,AAPL,AMD,AMZN,BABA,BAC,GOOGL,JPM,META,MSFT,NFLX,TSLA,XOM,AVGO
20230712,1.0,AAPL,AMD,AMZN,BAC,GOOGL,JPM,META,MSFT,NFLX,TSLA,XOM,AVGO
20230713,1.0,AAPL,AMD,AMZN,BAC,GOOGL,JPM,META,MSFT,NFLX,NVDA,TSLA,XOM,AVGO
20230714,1.0,AAPL,AMD,AMZN,BAC,GOOGL,JPM,META,MSFT,NFLX,NVDA,TSLA,AVGO
20230717,1.0,AAPL,AMD,AMZN,BAC,GOOGL,JPM,META,MSFT,NFLX,NVDA,TSLA,UNH,AVGO
20230718,1.0,AAPL,AMD,AMZN,BABA,GOOGL,JPM,META,MSFT,NFLX,NVDA,TSLA,UNH,AVGO
20230719,1.0,AAPL,AMD,AMZN,BABA,GOOGL,JPM,META,MSFT,NFLX,NVDA,TSLA,UNH,AVGO
20230720,1.0,AAPL,AMD,AMZN,BABA,GOOGL,JPM,META,MSFT,NVDA,XOM,UNH,AVGO
20230721,1.0,AAPL,AMD,AMZN,BABA,GOOGL,JPM,META,MSFT,NVDA,XOM,UNH,AVGO
20230724,1.0,AAPL,AMD,AMZN,BAC,GOOGL,JPM,MSFT,NVDA,XOM,UNH,AVGO
20230725,1.0,AAPL,AMD,AMZN,BAC,GOOGL,JPM,MSFT,NVDA,XOM,UNH,AVGO
20230726,1.0,AAPL,BAC,GOOGL,JPM,MSFT,NVDA,XOM,UNH,AVGO
20230727,1.0,AAPL,BAC,GOOGL,JPM,XOM,UNH,AVGO
20230728,1.0,AAPL,BABA,BAC,GOOGL,JPM,META,NVDA,XOM,UNH,AVGO
20230731,1.0,AAPL,AMZN,BABA,BAC,GOOGL,JPM,META,NVDA,XOM,UNH
20230801,1.0,AAPL,AMD,AMZN,BABA,BAC,GOOGL,JPM,META,XOM,UNH,AVGO
20230802,1.0,AMD,AMZN,BABA,GOOGL,JPM,XOM,UNH
20230803,1.0,AMD,AMZN,BABA,GOOGL,JPM,META,XOM
20230804,1.0,AMD,AMZN,BABA,GOOGL,JPM,META,NVDA,XOM
20230807,1.0,AMD,AMZN,BABA,GOOGL,META,NVDA,XOM
20230808,1.0,AMD,AMZN,GOOGL,META,XOM,UNH
20230809,1.0,AMD,AMZN,GOOGL,META,NFLX,XOM,UNH
20230810,1.0,AMD,AMZN,BABA,GOOGL,NFLX,XOM,UNH
20230811,1.0,AMZN,JPM,NFLX,XOM,UNH
20230814,1.0,AMZN,JPM,NFLX,XOM,UNH
20230815,1.0,AMD,AMZN,JPM,NFLX,XOM,UNH
20230816,1.0,AMZN,GOOGL,JPM,NFLX,XOM,UNH
20230817,1.0,GOOGL,XOM,UNH
20230818,1.0,XOM,UNH
20230821,1.0,XOM,UNH
20230822,1.0,GOOGL,MSFT,XOM,UNH
20230823,1.0,AAPL,GOOGL,MSFT,XOM,UNH
20230824,1.0,AAPL,GOOGL,MSFT,UNH,AVGO
20230825,1.0,AAPL,GOOGL,MSFT,NVDA,AVGO
20230828,1.0,AAPL,BABA,GOOGL,MSFT,TSLA,AVGO
20230829,1.0,AAPL,BABA,GOOGL,META,MSFT,NFLX,TSLA
20230830,1.0,AAPL,AMD,AMZN,BABA,GOOGL,META,MSFT,NFLX,TSLA,AVGO
20230831,1.0,AAPL,AMD,AMZN,BABA,GOOGL,META,MSFT,NFLX,NVDA,TSLA
20230901,1.0,AAPL,AMD,AMZN,BABA,GOOGL,META,MSFT,NFLX,NVDA,TSLA,XOM,AVGO
20230905,1.0,AAPL,AMD,AMZN,BABA,GOOGL,META,MSFT,NFLX,NVDA,TSLA,XOM,AVGO
20230906,1.0,AAPL,AMD,AMZN,BABA,GOOGL,META,MSFT,NFLX,NVDA,TSLA,XOM,AVGO
20230907,1.0,AAPL,AMD,AMZN,BABA,GOOGL,META,MSFT,NFLX,TSLA,XOM,AVGO
20230908,1.0,AAPL,AMD,AMZN,BABA,GOOGL,META,MSFT,NFLX,TSLA,XOM,AVGO
20230911,1.0,AAPL,AMD,AMZN,BABA,GOOGL,META,MSFT,NFLX,TSLA,XOM,AVGO
20230912,1.0,AMD,AMZN,GOOGL,META,MSFT,NFLX,TSLA,XOM
20230913,1.0,AMD,AMZN,GOOGL,META,MSFT,TSLA,XOM,JNJ
20230914,1.0,AMD,AMZN,GOOGL,JPM,META,MSFT,TSLA,XOM,UNH,JNJ
20230915,1.0,AMZN,GOOGL,JPM,META,MSFT,TSLA,XOM,UNH,JNJ
20230918,1.0,AMZN,GOOGL,JPM,META,MSFT,TSLA,XOM,UNH,JNJ
20230919,1.0,AMZN,GOOGL,JPM,META,TSLA,XOM,UNH,JNJ
20230920,1.0,JPM,META,MSFT,TSLA,XOM,UNH,JNJ
20230921,1.0,JPM,META,TSLA,XOM,UNH,JNJ
20230922,1.0,JPM,META,UNH,JNJ
20230925,1.0,JPM,META,XOM,UNH,JNJ
20230926,0.0,JPM,UNH,JNJ
20230927,1.0,JPM,XOM,UNH
20230928,1.0,AMD,JPM,META,XOM,UNH
20230929,1.0,AMD,JPM,META,XOM,UNH
20231002,1.0,AMD,JPM,META,NVDA,UNH
20231003,0.0,AMD,JPM,META,NVDA,UNH
20231004,0.0,AMD,GOOGL,JPM,META,NVDA,TSLA,XOM,UNH,AVGO
20231005,0.0,AAPL,AMD,GOOGL,JPM,META,MSFT,NVDA,TSLA,UNH,AVGO
20231006,1.0,AAPL,AMD,GOOGL,JPM,META,MSFT,NVDA,TSLA,UNH,AVGO
20231009,1.0,AAPL,AMD,AMZN,GOOGL,JPM,META,MSFT,NFLX,NVDA,TSLA,UNH,AVGO
20231010,1.0,AAPL,AMD,AMZN,GOOGL,JPM,META,MSFT,NFLX,NVDA,TSLA,UNH,AVGO,JNJ
20231011,1.0,AAPL,AMD,AMZN,GOOGL,JPM,META,MSFT,NFLX,NVDA,TSLA,UNH,AVGO,JNJ
20231012,1.0,AAPL,AMD,AMZN,BABA,GOOGL,JPM,META,MSFT,NVDA,TSLA,UNH,AVGO,JNJ
20231013,0.0,AAPL,AMD,AMZN,GOOGL,JPM,META,MSFT,NVDA,TSLA,UNH,AVGO,JNJ
20231016,1.0,AAPL,AMD,AMZN,GOOGL,JPM,META,MSFT,NVDA,TSLA,UNH,AVGO,JNJ
20231017,1.0,AAPL,AMD,AMZN,GOOGL,JPM,META,MSFT,NVDA,TSLA,UNH,AVGO,JNJ
20231018,0.0,AAPL,AMD,AMZN,GOOGL,JPM,META,MSFT,XOM,UNH,AVGO,JNJ
20231019,0.0,AAPL,AMZN,GOOGL,JPM,META,MSFT,XOM,UNH,AVGO,JNJ
20231020,0.0,AAPL,AMZN,JPM,MSFT,NFLX,XOM,UNH,AVGO,JNJ
20231023,0.0,AAPL,AMZN,JPM,MSFT,NFLX,XOM,AVGO
20231024,0.0,AAPL,AMZN,GOOGL,JPM,MSFT,NFLX,XOM,UNH,AVGO
20231025,0.0,JPM,MSFT,NFLX,XOM,UNH
20231026,0.0,MSFT,NFLX,XOM,UNH
20231027,0.0,MSFT,NFLX
20231030,0.0,AMZN,MSFT,NFLX
20231031,1.0,AMZN,MSFT,NFLX
20231101,1.0,AMD,AMZN,BABA,MSFT,NFLX,NVDA,UNH
20231102,1.0,AAPL,AMD,AMZN,BABA,META,MSFT,NFLX,NVDA,TSLA,UNH,AVGO
20231103,1.0,AAPL,AMD,AMZN,BABA,JPM,META,MSFT,NFLX,NVDA,TSLA,UNH
20231106,1.0,AAPL,AMD,AMZN,BABA,JPM,META,MSFT,NFLX,NVDA,TSLA,UNH,AVGO,JNJ
20231107,1.0,AAPL,AMD,AMZN,BABA,GOOGL,JPM,META,MSFT,NFLX,NVDA,TSLA,UNH,JNJ
20231108,1.0,AAPL,AMD,AMZN,BABA,GOOGL,JPM,META,MSFT,NFLX,NVDA,TSLA,UNH,JNJ
20231109,1.0,AAPL,AMD,AMZN,BABA,GOOGL,JPM,META,MSFT,NFLX,NVDA,TSLA,UNH,AVGO,JNJ
20231110,1.0,AAPL,AMD,AMZN,BABA,GOOGL,JPM,META,MSFT,NVDA,TSLA,UNH,JNJ
20231113,1.0,AAPL,AMD,AMZN,BABA,GOOGL,JPM,META,MSFT,NFLX,NVDA,TSLA,UNH,JNJ
20231114,1.0,AAPL,AMD,AMZN,BABA,GOOGL,JPM,META,MSFT,NFLX,NVDA,TSLA,UNH,JNJ
20231115,1.0,AAPL,AMD,AMZN,BABA,GOOGL,JPM,META,MSFT,NVDA,TSLA,UNH,JNJ
20231116,1.0,AAPL,AMD,AMZN,GOOGL,JPM,META,MSFT,TSLA,UNH,AVGO,JNJ
20231117,1.0,AAPL,AMD,AMZN,GOOGL,JPM,META,MSFT,NFLX,NVDA,TSLA,UNH,AVGO,JNJ
20231120,1.0,AAPL,AMD,AMZN,GOOGL,JPM,META,MSFT,NFLX,TSLA,XOM,UNH,AVGO,JNJ
20231121,1.0,AAPL,AMD,AMZN,GOOGL,JPM,META,MSFT,NFLX,NVDA,TSLA,XOM,UNH,AVGO,JNJ
20231122,1.0,AAPL,AMD,AMZN,GOOGL,JPM,META,MSFT,NFLX,NVDA,TSLA,XOM,UNH,AVGO,JNJ
20231124,1.0,AAPL,AMD,AMZN,GOOGL,JPM,META,MSFT,NFLX,NVDA,TSLA,UNH,AVGO,JNJ
20231127,1.0,AAPL,AMD,AMZN,GOOGL,JPM,META,MSFT,TSLA,UNH,JNJ
20231128,1.0,AAPL,AMD,AMZN,GOOGL,JPM,META,MSFT,NFLX,TSLA,JNJ
20231129,1.0,AAPL,AMD,AMZN,GOOGL,JPM,MSFT,NFLX,TSLA,JNJ
20231130,1.0,AAPL,AMD,AMZN,GOOGL,JPM,MSFT,NFLX,TSLA,UNH,JNJ
20231201,1.0,AAPL,AMD,AMZN,JPM,TSLA,UNH
20231204,1.0,AAPL,JPM,TSLA,UNH
20231205,1.0,AAPL,AMZN,JPM,TSLA,XOM,UNH
20231206,1.0,AAPL,AMZN,JPM,TSLA,UNH,JNJ
20231207,1.0,AAPL,AMD,AMZN,GOOGL,JPM,TSLA,UNH,JNJ
20231208,1.0,AAPL,AMD,AMZN,GOOGL,JPM,TSLA,UNH,JNJ
20231211,1.0,AAPL,AMD,GOOGL,JPM,TSLA,UNH,JNJ
20231212,1.0,AAPL,AMD,AMZN,GOOGL,JPM,META,MSFT,TSLA,UNH
20231213,1.0,AAPL,AMD,AMZN,GOOGL,JPM,META,MSFT,NFLX,TSLA,UNH,JNJ
20231214,1.0,AAPL,AMD,AMZN,GOOGL,JPM,META,MSFT,NFLX,TSLA,AVGO,JNJ
20231215,1.0,AAPL,AMD,AMZN,GOOGL,JPM,META,MSFT,NFLX,TSLA,AVGO,JNJ
20231218,1.0,AAPL,AMD,AMZN,GOOGL,JPM,META,MSFT,NFLX,NVDA,TSLA,XOM,AVGO
20231219,1.0,AAPL,AMD,AMZN,GOOGL,JPM,META,MSFT,NFLX,NVDA,TSLA,XOM,AVGO
20231220,1.0,AAPL,AMD,AMZN,GOOGL,JPM,META,MSFT,NFLX,NVDA,TSLA,XOM,AVGO,JNJ
20231221,1.0,AAPL,AMD,AMZN,GOOGL,JPM,META,MSFT,NFLX,NVDA,TSLA,XOM,AVGO
20231222,1.0,AMD,AMZN,GOOGL,JPM,META,MSFT,NFLX,NVDA,TSLA,XOM,AVGO
20231226,1.0,AMD,AMZN,GOOGL,JPM,META,MSFT,NFLX,NVDA,TSLA,XOM,AVGO
20231227,1.0,AMD,AMZN,GOOGL,JPM,META,MSFT,NFLX,NVDA,TSLA,XOM,AVGO
20231228,1.0,AMD,AMZN,GOOGL,JPM,META,MSFT,NFLX,NVDA,TSLA,XOM,AVGO,JNJ
20231229,1.0,AMD,AMZN,GOOGL,JPM,META,MSFT,NFLX,NVDA,TSLA,XOM,AVGO,JNJ
