20190102,AMD,AMZN,BA,BABA,BAC,GOOGL,INTC,JPM,MSFT,MU,NFLX
20190103,AMZN,BA,BAC,GOOGL,INTC,JPM,MU,NFLX
20190104,AMD,AMZN,BA,BABA,BAC,GOOGL,INTC,JPM,META,MSFT,MU,NFLX,NVDA,TSLA
20190107,AMD,AMZN,BA,BABA,BAC,GOOGL,INTC,JPM,META,MSFT,MU,NFLX,NVDA,TSLA
20190108,AAPL,AMD,AMZN,BA,BABA,BAC,GOOGL,INTC,JPM,META,MSFT,MU,NFLX,NVDA,TSLA
20190109,AAPL,AMD,AMZN,BA,BABA,BAC,GOOGL,INTC,JPM,META,MSFT,MU,NFLX,NVDA,TSLA
20190110,AAPL,AMD,AMZN,BA,BABA,BAC,GOOGL,INTC,JPM,META,MSFT,MU,NFLX,NVDA,TSLA
20190111,AAPL,AMD,AMZN,BA,BABA,BAC,GOOGL,INTC,JPM,META,MSFT,MU,NVDA,TSLA
20190114,AMD,AMZN,BA,BABA,BAC,GOOGL,INTC,JPM,META,MSFT,MU,NFLX,NVDA,TSLA
20190115,AMD,AMZN,BA,BABA,BAC,GOOGL,INTC,JPM,META,MSFT,MU,NVDA,TSLA
20190116,AAPL,AMD,AMZN,BA,BABA,BAC,GOOGL,INTC,JPM,META,MSFT,MU,NVDA,TSLA
20190117,AAPL,AMD,AMZN,BA,BABA,BAC,GOOGL,INTC,JPM,META,MSFT,MU,NVDA,TSLA
20190118,AAPL,AMD,AMZN,BA,BABA,BAC,GOOGL,INTC,JPM,META,MSFT,MU,NFLX,NVDA
20190122,AAPL,AMZN,BA,BABA,BAC,GOOGL,INTC,JPM,META,MSFT,MU,NFLX,NVDA
20190123,AAPL,AMZN,BA,BABA,BAC,GOOGL,INTC,JPM,META,MSFT,MU,NFLX,NVDA
20190124,AAPL,AMD,AMZN,BA,BABA,BAC,GOOGL,INTC,JPM,META,MSFT,MU,NFLX,NVDA
20190125,AAPL,AMD,AMZN,BA,BABA,BAC,GOOGL,INTC,JPM,META,MSFT,MU,NFLX,NVDA
20190128,AAPL,AMD,AMZN,BA,BABA,BAC,GOOGL,INTC,JPM,META,MSFT,MU,NFLX
20190129,AAPL,BA,BABA,BAC,GOOGL,JPM,META,MSFT,MU
20190130,AAPL,AMD,BA,BABA,BAC,GOOGL,JPM,META,MSFT,MU
20190131,AAPL,AMD,AMZN,BA,BABA,BAC,GOOGL,JPM,META,MSFT,MU
20190201,AAPL,AMD,BA,BABA,BAC,GOOGL,JPM,META,MU,NFLX,TSLA
20190204,AAPL,AMD,AMZN,BA,BABA,BAC,GOOGL,INTC,JPM,META,MSFT,MU,NFLX,NVDA,TSLA
20190205,AAPL,AMD,AMZN,BA,BABA,BAC,GOOGL,INTC,JPM,META,MSFT,MU,NFLX,NVDA,TSLA
20190206,AAPL,AMD,AMZN,BA,BABA,BAC,GOOGL,INTC,JPM,META,MSFT,MU,NFLX,NVDA,TSLA
20190207,AAPL,AMD,AMZN,BA,BABA,GOOGL,INTC,JPM,META,MSFT,MU,NFLX,TSLA
20190208,AAPL,AMD,AMZN,BABA,GOOGL,INTC,JPM,META,MSFT,MU,NFLX,NVDA,TSLA
20190211,AAPL,AMD,AMZN,BABA,GOOGL,INTC,JPM,META,MSFT,MU,NFLX,NVDA,TSLA
20190212,AAPL,AMD,AMZN,BABA,GOOGL,INTC,JPM,META,MSFT,MU,NFLX,NVDA,TSLA
20190213,AAPL,BA,BABA,GOOGL,INTC,META,MSFT,MU,NFLX,NVDA,TSLA
20190214,AAPL,BA,BABA,BAC,GOOGL,INTC,META,MSFT,MU,NFLX,NVDA,TSLA
20190215,AAPL,BA,BABA,GOOGL,INTC,META,MSFT,MU,NFLX,NVDA
20190219,AAPL,AMD,BA,BABA,BAC,GOOGL,INTC,MSFT,MU,NFLX,NVDA
20190220,AAPL,AMD,BA,BABA,BAC,GOOGL,INTC,MSFT,MU,NFLX,NVDA
20190221,AAPL,AMD,AMZN,BA,BABA,BAC,GOOGL,INTC,MSFT,MU,NFLX,NVDA
20190222,AAPL,AMD,AMZN,BA,BABA,BAC,GOOGL,INTC,MSFT,MU,NFLX,NVDA
20190225,AAPL,AMD,AMZN,BA,BABA,BAC,GOOGL,INTC,MSFT,MU,NFLX,NVDA
20190226,AAPL,AMD,AMZN,BA,BABA,BAC,GOOGL,INTC,JPM,MSFT,MU,NFLX,NVDA
20190227,AAPL,AMD,AMZN,BA,BABA,BAC,GOOGL,INTC,JPM,MSFT,MU,NFLX,NVDA,TSLA
20190228,AAPL,AMD,AMZN,BA,BABA,BAC,GOOGL,INTC,JPM,MSFT,MU,NFLX,NVDA,TSLA
20190301,AAPL,AMD,AMZN,BA,BABA,BAC,GOOGL,INTC,JPM,MSFT,MU,NFLX,NVDA
20190304,AAPL,AMD,AMZN,BA,BABA,BAC,GOOGL,INTC,JPM,META,MSFT,MU,NFLX,NVDA
20190305,AAPL,AMD,AMZN,BA,BABA,BAC,GOOGL,INTC,JPM,META,MSFT,NFLX,NVDA
20190306,AAPL,AMZN,BA,BABA,BAC,GOOGL,INTC,JPM,META,MSFT,NFLX,NVDA
20190307,AAPL,AMZN,BA,BABA,BAC,GOOGL,INTC,JPM,META,MSFT,NFLX
20190308,AAPL,AMZN,BA,BAC,GOOGL,INTC,META,MSFT,NFLX
20190311,AAPL,AMZN,BAC,GOOGL,INTC,JPM,META,MSFT,NFLX,NVDA
20190312,AAPL,AMD,AMZN,BAC,GOOGL,INTC,JPM,META,MSFT,NFLX,NVDA
20190313,AAPL,AMD,AMZN,BAC,GOOGL,INTC,JPM,META,MSFT,NFLX,NVDA
20190314,AAPL,AMD,AMZN,BAC,GOOGL,INTC,JPM,META,MSFT,NFLX,NVDA
20190315,AAPL,AMD,AMZN,BAC,GOOGL,INTC,JPM,META,MSFT,NFLX,NVDA
20190318,AAPL,AMD,AMZN,BAC,GOOGL,INTC,JPM,MSFT,NFLX,NVDA
20190319,AAPL,AMD,AMZN,BAC,GOOGL,INTC,JPM,MSFT,MU,NFLX,NVDA
20190320,AAPL,AMD,AMZN,BABA,BAC,GOOGL,INTC,JPM,MSFT,MU,NFLX,NVDA
20190321,AAPL,AMD,AMZN,BABA,BAC,GOOGL,INTC,JPM,MSFT,MU,NFLX
20190322,AAPL,AMD,AMZN,BABA,GOOGL,INTC,MSFT,MU,NFLX
20190325,AAPL,AMD,AMZN,BABA,GOOGL,INTC,MSFT,MU,NFLX
20190326,AAPL,AMD,AMZN,BABA,GOOGL,INTC,MSFT,MU,NFLX
20190327,AAPL,AMD,AMZN,BA,BABA,GOOGL,INTC,MSFT,MU,NFLX,NVDA
20190328,AAPL,AMD,AMZN,BA,BABA,GOOGL,INTC,MSFT,MU,NFLX,NVDA,TSLA
20190329,AAPL,AMD,AMZN,BA,BABA,GOOGL,INTC,META,MSFT,MU,NFLX,NVDA,TSLA
20190401,AAPL,AMD,AMZN,BA,BABA,GOOGL,INTC,META,MSFT,MU,NFLX,NVDA,TSLA
20190402,AAPL,AMD,AMZN,BA,BABA,GOOGL,INTC,META,MSFT,MU,NFLX,NVDA,TSLA
20190403,AAPL,AMD,AMZN,BA,BABA,GOOGL,INTC,JPM,META,MSFT,MU,NFLX,NVDA,TSLA
20190404,AAPL,AMD,AMZN,BA,BABA,BAC,GOOGL,INTC,JPM,META,MSFT,MU,NFLX,NVDA,TSLA
20190405,AAPL,AMD,AMZN,BA,BABA,BAC,GOOGL,INTC,JPM,META,MSFT,MU,NFLX,NVDA,TSLA
20190408,AAPL,AMD,AMZN,BA,BABA,GOOGL,INTC,JPM,META,MSFT,MU,NFLX,NVDA,TSLA
20190409,AAPL,AMD,AMZN,BA,BABA,BAC,GOOGL,INTC,JPM,META,MSFT,MU,NFLX,NVDA,TSLA
20190410,AAPL,AMD,AMZN,BA,BABA,GOOGL,INTC,JPM,META,MSFT,MU,NFLX,NVDA,TSLA
20190411,AAPL,AMD,AMZN,BA,BABA,GOOGL,INTC,META,MSFT,MU,NFLX,NVDA
20190412,AAPL,AMD,AMZN,BA,BABA,GOOGL,INTC,META,MSFT,MU,NVDA
20190415,AAPL,AMD,AMZN,BA,BABA,GOOGL,INTC,META,MSFT,MU,NVDA
20190416,AAPL,AMD,AMZN,BA,BABA,GOOGL,INTC,META,MSFT,MU,NVDA
20190417,AAPL,AMZN,BABA,GOOGL,INTC,JPM,META,MSFT,MU,NVDA,TSLA
20190418,AAPL,AMZN,BABA,GOOGL,INTC,JPM,META,MSFT,MU,NVDA,TSLA
20190422,AAPL,AMZN,BA,BABA,GOOGL,INTC,JPM,META,MSFT,MU,NVDA,TSLA
20190423,AAPL,AMD,AMZN,BA,BABA,BAC,GOOGL,INTC,JPM,META,MSFT,MU,NFLX,NVDA,TSLA
20190424,AAPL,AMD,AMZN,BA,BABA,BAC,GOOGL,INTC,JPM,META,MSFT,MU,NFLX,NVDA
20190425,AAPL,AMD,AMZN,BA,BABA,BAC,GOOGL,INTC,JPM,META,MSFT,MU,NFLX,NVDA
20190426,AAPL,AMD,AMZN,BA,BABA,BAC,GOOGL,JPM,META,MSFT,MU
20190429,AAPL,AMD,AMZN,BA,BABA,BAC,GOOGL,JPM,META,MSFT,MU,NFLX
20190430,AAPL,AMD,AMZN,BA,BABA,BAC,GOOGL,JPM,META,MSFT,MU,NFLX
20190501,AAPL,AMD,AMZN,BA,BABA,BAC,JPM,META,MSFT,MU,NFLX
20190502,AAPL,AMD,AMZN,BA,BABA,BAC,JPM,META,MSFT,MU,NFLX
20190503,AAPL,AMD,AMZN,BABA,BAC,JPM,META,MSFT,MU,NFLX
20190506,AAPL,AMD,AMZN,BA,BABA,BAC,JPM,META,MSFT,NFLX
20190507,AAPL,AMZN,BABA,BAC,JPM,META,MSFT,NFLX
20190508,AAPL,AMZN,BAC,JPM,META,MSFT,NFLX
20190509,AAPL,AMZN,BAC,JPM,META,MSFT,NFLX,TSLA
20190510,AAPL,AMD,AMZN,BAC,JPM,META,MSFT,NFLX,TSLA
20190514,AMD
20190515,AMD,GOOGL
20190516,AMD,GOOGL
20190517,AMD,GOOGL,MSFT
20190520,AMD,GOOGL,MSFT
20190521,AMD,GOOGL,MSFT
20190522,AMD,GOOGL,MSFT
20190523,GOOGL,MSFT
20190524,AMD,AMZN,BA,GOOGL,JPM,MSFT,NFLX
20190528,AMD,AMZN,BA,GOOGL,JPM,META,MSFT,NFLX
20190529,AMD,AMZN,BA,JPM,META,MSFT,NFLX
20190530,AMD,BA,JPM,META,MSFT,NFLX
20190531,AMD,BA,MSFT,NFLX
20190603,AMD,BA,NFLX
20190604,BA,INTC,NFLX
20190605,BA,INTC,NFLX,TSLA
20190606,AAPL,AMD,BA,BAC,INTC,JPM,MSFT,NFLX,TSLA
20190607,AAPL,AMD,BA,BAC,INTC,JPM,MSFT,NFLX,NVDA,TSLA
20190610,AAPL,AMD,AMZN,BA,BABA,BAC,INTC,JPM,MSFT,MU,NFLX,NVDA,TSLA
20190611,AAPL,AMD,AMZN,BA,BABA,BAC,INTC,JPM,MSFT,MU,NFLX,NVDA,TSLA
20190612,AAPL,AMD,AMZN,BA,BABA,BAC,INTC,JPM,MSFT,MU,NFLX,NVDA,TSLA
20190613,AAPL,AMD,AMZN,BA,BABA,BAC,INTC,JPM,MSFT,MU,NFLX,NVDA,TSLA
20190614,AAPL,AMD,AMZN,BA,BABA,BAC,GOOGL,INTC,JPM,META,MSFT,MU,NFLX,NVDA,TSLA
20190617,AAPL,AMD,AMZN,BA,BABA,BAC,GOOGL,INTC,JPM,META,MSFT,NFLX,NVDA
20190618,AAPL,AMD,AMZN,BA,BABA,BAC,GOOGL,INTC,JPM,META,MSFT,MU,NFLX,NVDA
20190619,AAPL,AMZN,BA,BABA,BAC,GOOGL,INTC,JPM,META,MSFT,MU,NFLX,NVDA
20190620,AAPL,AMZN,BA,BABA,BAC,GOOGL,INTC,JPM,META,MSFT,MU,NFLX,NVDA,TSLA
20190621,AAPL,AMZN,BA,BABA,BAC,GOOGL,INTC,JPM,META,MSFT,NFLX,NVDA,TSLA
20190624,AAPL,AMZN,BA,BABA,BAC,GOOGL,INTC,JPM,META,MSFT,NFLX,NVDA
20190625,AAPL,AMZN,BA,BABA,BAC,GOOGL,INTC,JPM,META,MSFT,NFLX,NVDA,TSLA
20190626,AAPL,AMZN,BA,BABA,BAC,GOOGL,INTC,JPM,META,MSFT,MU,NFLX,NVDA,TSLA
20190627,AAPL,AMD,AMZN,BA,BABA,BAC,GOOGL,INTC,JPM,META,MSFT,MU,NFLX,NVDA
20190628,AAPL,AMD,AMZN,BA,BABA,BAC,GOOGL,INTC,JPM,META,MSFT,MU,NFLX,NVDA
20190701,AAPL,AMD,AMZN,BABA,BAC,GOOGL,JPM,META,MSFT,MU,NFLX,NVDA,V
20190702,AAPL,AMD,AMZN,BABA,BAC,GOOGL,JPM,META,MSFT,MU,NFLX,NVDA,TSLA,V
20190703,AAPL,AMD,AMZN,BABA,BAC,GOOGL,JPM,META,MSFT,MU,NFLX,NVDA,V
20190705,AAPL,AMD,AMZN,BABA,BAC,GOOGL,JPM,META,MSFT,MU,NFLX,NVDA,TSLA,V
20190708,AAPL,AMD,AMZN,BABA,BAC,GOOGL,JPM,META,MSFT,MU,NFLX,NVDA,TSLA,V
20190709,AAPL,AMD,AMZN,BABA,BAC,GOOGL,JPM,META,MSFT,MU,NFLX,NVDA,TSLA,V
20190710,AAPL,AMD,AMZN,BABA,BAC,GOOGL,JPM,META,MSFT,MU,NFLX,NVDA,TSLA,V
20190711,AAPL,AMD,AMZN,BABA,BAC,GOOGL,JPM,META,MSFT,NFLX,NVDA,TSLA,V
20190712,AAPL,AMD,AMZN,BA,BABA,BAC,GOOGL,JPM,META,MSFT,NFLX,NVDA,TSLA,V
20190715,AAPL,AMD,AMZN,BA,BABA,BAC,GOOGL,JPM,META,MSFT,NFLX,NVDA,TSLA,V
20190716,AAPL,AMD,AMZN,BA,BABA,BAC,GOOGL,JPM,META,MSFT,MU,NFLX,NVDA,TSLA,V
20190717,AAPL,AMD,AMZN,BA,BABA,BAC,GOOGL,JPM,META,MSFT,MU,NVDA,TSLA,V
20190718,AAPL,AMD,AMZN,BA,BABA,BAC,GOOGL,JPM,META,MSFT,NVDA,TSLA,V
20190719,AAPL,AMD,AMZN,BA,BABA,BAC,GOOGL,JPM,META,MSFT,NVDA,TSLA,V
20190722,AAPL,AMD,AMZN,BA,BABA,BAC,GOOGL,JPM,META,MSFT,NVDA,TSLA,V
20190723,AAPL,AMD,AMZN,BA,BABA,BAC,GOOGL,JPM,META,MSFT,NVDA,TSLA,V
20190724,AAPL,AMD,AMZN,BA,BABA,BAC,GOOGL,JPM,META,MSFT,NVDA,TSLA,V
20190725,AAPL,AMD,AMZN,BABA,BAC,GOOGL,JPM,META,MSFT,MU,NVDA,V
20190726,AAPL,AMD,AMZN,BABA,BAC,GOOGL,JPM,META,MSFT,MU,NVDA,V
20190729,AAPL,AMD,BABA,BAC,GOOGL,JPM,META,MSFT,MU,NVDA,V
20190730,AAPL,AMD,BABA,BAC,GOOGL,JPM,META,MSFT,MU,NVDA,V
20190731,AAPL,BABA,BAC,GOOGL,JPM,META,MSFT,MU,NVDA,V
20190801,AAPL,BAC,GOOGL,JPM,META,MSFT,NFLX,NVDA,V
20190802,AAPL,BAC,GOOGL,JPM,MSFT,NFLX,V
20190805,GOOGL,NFLX
20190806,GOOGL,NFLX
20190807,GOOGL,TSLA
20190808,GOOGL,TSLA
20190809,TSLA
20190813,MSFT,V
20190814,MSFT,V
20190815,AMD,BABA,MSFT,V
20190816,AAPL,AMD,AMZN,BABA,GOOGL,META,MSFT,MU,NVDA,V
20190819,AAPL,AMD,AMZN,BA,BABA,GOOGL,META,MSFT,MU,NVDA,V
20190820,AAPL,AMD,AMZN,BA,BABA,GOOGL,META,MSFT,MU,NVDA,V
20190821,AAPL,AMZN,BA,BABA,GOOGL,META,MSFT,MU,NVDA,V
20190822,AAPL,AMZN,BA,BABA,GOOGL,META,MSFT,MU,NVDA,V
20190823,AAPL,AMZN,BA,BABA,GOOGL,MSFT,MU,NVDA,V
20190826,AAPL,AMZN,BA,BABA,GOOGL,MSFT,MU,NVDA,V
20190827,AAPL,AMZN,BA,BABA,BAC,GOOGL,JPM,META,MSFT,MU,NVDA,V
20190828,AAPL,AMD,AMZN,BA,BABA,BAC,GOOGL,JPM,META,MSFT,MU,NVDA,V
20190829,AAPL,AMD,AMZN,BA,BABA,BAC,GOOGL,JPM,META,MSFT,MU,NVDA,TSLA,V
20190830,AAPL,AMD,AMZN,BA,BABA,BAC,GOOGL,JPM,META,MSFT,MU,NVDA,TSLA,V
20190903,AAPL,AMD,AMZN,BA,BABA,BAC,GOOGL,JPM,META,MSFT,MU,NVDA,TSLA,V
20190904,AAPL,AMD,AMZN,BA,BABA,BAC,GOOGL,JPM,META,MSFT,MU,NVDA,TSLA,V
20190905,AAPL,AMD,AMZN,BA,BABA,BAC,GOOGL,JPM,META,MSFT,MU,NVDA,TSLA,V
20190906,AAPL,AMD,AMZN,BA,BABA,BAC,GOOGL,JPM,META,MSFT,MU,NVDA,TSLA,V
20190909,AAPL,AMD,AMZN,BA,BABA,BAC,GOOGL,JPM,META,MSFT,MU,NVDA,TSLA,V
20190910,AAPL,AMD,AMZN,BA,BABA,BAC,GOOGL,JPM,META,MSFT,MU,NVDA,TSLA,V
20190911,AAPL,AMD,AMZN,BA,BABA,BAC,GOOGL,JPM,META,MSFT,MU,NVDA,TSLA,V
20190912,AAPL,AMD,AMZN,BA,BABA,BAC,GOOGL,JPM,META,MSFT,MU,NVDA,TSLA,V
20190913,AAPL,AMD,AMZN,BA,BABA,BAC,GOOGL,JPM,META,MSFT,MU,NFLX,NVDA,TSLA,V
20190916,AAPL,AMD,AMZN,BA,BABA,BAC,GOOGL,JPM,META,MSFT,MU,NFLX,NVDA,TSLA,V
20190917,AAPL,AMD,AMZN,BA,BABA,BAC,GOOGL,JPM,META,MSFT,MU,NFLX,NVDA,TSLA,V
20190918,AAPL,AMD,AMZN,BA,BABA,BAC,GOOGL,JPM,META,MSFT,MU,NFLX,NVDA,TSLA
20190919,AAPL,AMD,AMZN,BA,BABA,BAC,GOOGL,JPM,META,MSFT,MU,NFLX,NVDA,TSLA
20190920,AAPL,AMD,AMZN,BA,BABA,BAC,GOOGL,JPM,META,MSFT,MU,TSLA
20190923,AAPL,AMD,AMZN,BA,BABA,BAC,GOOGL,JPM,META,MSFT,MU,TSLA
20190924,AAPL,AMD,BA,BABA,BAC,GOOGL,JPM,META,MSFT,MU
20190925,AAPL,AMD,BA,BABA,BAC,GOOGL,JPM,META,MSFT,MU
20190926,AAPL,AMD,BA,BABA,BAC,GOOGL,JPM,META,MSFT,MU
20190927,AAPL,BA,BAC,GOOGL,JPM,MSFT
20190930,AAPL,BA,BAC,GOOGL,JPM,MSFT
20191001,AAPL,BA,GOOGL,JPM,MSFT,TSLA
20191002,AAPL,TSLA
20191003,AAPL,NVDA,TSLA
20191004,AAPL,NFLX,NVDA,V
20191007,AAPL,NFLX,NVDA,TSLA,V
20191008,AAPL,NFLX,NVDA,TSLA,V
20191009,AAPL,NFLX,NVDA,TSLA,V
20191010,AAPL,BABA,META,MSFT,NFLX,NVDA,TSLA,V
20191011,AAPL,AMD,BABA,META,MSFT,NFLX,NVDA,TSLA,V
20191014,AAPL,AMD,AMZN,BABA,BAC,GOOGL,META,MSFT,NFLX,NVDA,TSLA,V,DIS
20191015,AAPL,AMD,AMZN,BA,BABA,BAC,GOOGL,META,NFLX,NVDA,TSLA,V,DIS
20191016,AAPL,AMD,AMZN,BA,BABA,GOOGL,META,MSFT,NFLX,NVDA,TSLA,V,DIS
20191017,AAPL,AMD,AMZN,BA,BABA,BAC,GOOGL,META,MSFT,NFLX,NVDA,TSLA,V,DIS
20191018,AAPL,AMD,AMZN,BABA,BAC,GOOGL,JPM,META,MSFT,NFLX,NVDA,TSLA,V,DIS
20191021,AAPL,AMD,AMZN,BABA,BAC,GOOGL,JPM,META,MSFT,NFLX,NVDA,TSLA,V,DIS
20191022,AAPL,AMD,AMZN,BABA,BAC,GOOGL,JPM,META,MSFT,NFLX,NVDA,TSLA,V,DIS
20191023,AAPL,AMD,AMZN,BABA,BAC,GOOGL,JPM,META,MSFT,NFLX,NVDA,TSLA,V,DIS
20191024,AAPL,AMD,AMZN,BABA,BAC,GOOGL,JPM,META,MSFT,NVDA,TSLA,V,DIS
20191025,AAPL,AMD,AMZN,BABA,BAC,GOOGL,JPM,META,MSFT,NVDA,TSLA,V,DIS
20191028,AAPL,AMD,AMZN,BABA,BAC,GOOGL,JPM,META,MSFT,NVDA,TSLA,V,DIS
20191029,AAPL,AMD,AMZN,BABA,BAC,GOOGL,JPM,META,MSFT,NVDA,TSLA,V,DIS
20191030,AAPL,AMD,AMZN,BABA,BAC,GOOGL,JPM,META,MSFT,NVDA,TSLA,V,DIS
20191031,AAPL,AMD,AMZN,BABA,BAC,GOOGL,JPM,META,MSFT,NFLX,NVDA,TSLA,V,DIS
20191101,AAPL,AMD,AMZN,BA,BABA,BAC,GOOGL,JPM,META,MSFT,NFLX,NVDA,TSLA,V,DIS
20191104,AAPL,AMD,AMZN,BA,BABA,BAC,GOOGL,JPM,META,MSFT,NFLX,NVDA,TSLA,V,DIS
20191105,AAPL,AMD,AMZN,BA,BABA,BAC,GOOGL,JPM,META,MSFT,NFLX,NVDA,TSLA,V,DIS
20191106,AAPL,AMD,AMZN,BA,BABA,BAC,GOOGL,JPM,META,MSFT,NFLX,NVDA,TSLA,V,DIS
20191107,AAPL,AMD,AMZN,BA,BABA,BAC,GOOGL,JPM,META,MSFT,NFLX,NVDA,TSLA,V,DIS
20191108,AAPL,AMD,AMZN,BA,BABA,BAC,GOOGL,JPM,META,MSFT,NFLX,NVDA,TSLA,V,DIS
20191111,AAPL,AMD,AMZN,BA,BABA,BAC,GOOGL,JPM,META,MSFT,NFLX,NVDA,TSLA,V,DIS
20191112,AAPL,AMD,AMZN,BA,BABA,BAC,GOOGL,JPM,META,MSFT,NFLX,NVDA,TSLA,V,DIS
20191113,AAPL,AMD,AMZN,BA,BABA,BAC,GOOGL,JPM,META,MSFT,NFLX,NVDA,TSLA,V
20191114,AAPL,AMD,AMZN,BA,BABA,BAC,GOOGL,JPM,META,MSFT,NFLX,NVDA,TSLA,V,DIS
20191115,AAPL,AMD,AMZN,BA,BABA,BAC,GOOGL,JPM,META,MSFT,NFLX,NVDA,TSLA,V,DIS
20191118,AAPL,AMD,AMZN,BA,BABA,BAC,GOOGL,JPM,META,MSFT,NFLX,NVDA,TSLA,V,DIS
20191119,AAPL,AMD,AMZN,BA,BABA,BAC,GOOGL,JPM,META,MSFT,NFLX,NVDA,TSLA,V,DIS
20191120,AAPL,AMD,AMZN,BA,BABA,BAC,GOOGL,JPM,META,MSFT,NFLX,NVDA,TSLA,V,DIS
20191121,AAPL,AMD,AMZN,BA,BABA,BAC,GOOGL,JPM,META,MSFT,NFLX,NVDA,TSLA,V,DIS
20191122,AAPL,AMD,AMZN,BA,BABA,BAC,GOOGL,JPM,META,MSFT,NFLX,NVDA,TSLA,V,DIS
20191125,AAPL,AMD,AMZN,BA,BABA,BAC,GOOGL,JPM,META,MSFT,NFLX,NVDA,TSLA,V,DIS
20191126,AAPL,AMD,AMZN,BA,BABA,BAC,GOOGL,JPM,META,MSFT,NFLX,NVDA,V,DIS
20191127,AAPL,AMD,AMZN,BA,BABA,BAC,GOOGL,JPM,META,MSFT,NFLX,NVDA,V,DIS
20191129,AAPL,AMD,AMZN,BA,BABA,BAC,GOOGL,JPM,META,MSFT,NFLX,NVDA,V,DIS
20191202,AAPL,AMD,AMZN,BA,BABA,BAC,GOOGL,JPM,META,MSFT,NFLX,NVDA,DIS
20191203,AAPL,AMZN,BABA,BAC,GOOGL,JPM,META,MSFT,NFLX,NVDA,DIS
20191204,AAPL,AMZN,BABA,BAC,GOOGL,JPM,META,MSFT,NFLX,NVDA,DIS
20191205,AAPL,AMD,AMZN,BABA,BAC,GOOGL,JPM,META,MSFT,NFLX,NVDA,DIS
20191206,AAPL,AMD,AMZN,BABA,BAC,GOOGL,JPM,META,MSFT,NFLX,NVDA,TSLA,DIS
20191209,AAPL,AMD,AMZN,BABA,BAC,GOOGL,JPM,META,MSFT,TSLA,DIS
20191210,AAPL,AMD,AMZN,BABA,BAC,GOOGL,JPM,META,MSFT,TSLA,DIS
20191211,AAPL,AMD,AMZN,BABA,BAC,GOOGL,JPM,META,MSFT,TSLA,DIS
20191212,AAPL,AMD,AMZN,BABA,BAC,GOOGL,JPM,META,MSFT,NVDA,TSLA,DIS
20191213,AAPL,AMD,AMZN,BABA,BAC,GOOGL,JPM,META,MSFT,NVDA,TSLA,DIS
20191216,AAPL,AMD,AMZN,BABA,BAC,GOOGL,JPM,META,MSFT,NVDA,TSLA,DIS
20191217,AAPL,AMD,AMZN,BABA,BAC,GOOGL,JPM,META,MSFT,NFLX,NVDA,TSLA,DIS
20191218,AAPL,AMD,AMZN,BABA,BAC,GOOGL,JPM,META,MSFT,NFLX,NVDA,TSLA,DIS
20191219,AAPL,AMD,AMZN,BABA,BAC,GOOGL,JPM,META,MSFT,NFLX,NVDA,TSLA,DIS
20191220,AAPL,AMD,AMZN,BABA,BAC,GOOGL,JPM,META,MSFT,NFLX,NVDA,TSLA,DIS
20191223,AAPL,AMD,AMZN,BABA,BAC,GOOGL,JPM,META,MSFT,NFLX,NVDA,TSLA,DIS
20191224,AAPL,AMD,AMZN,BABA,BAC,GOOGL,JPM,META,MSFT,NFLX,NVDA,TSLA,DIS
20191226,AAPL,AMD,AMZN,BABA,BAC,GOOGL,JPM,META,MSFT,NFLX,NVDA,TSLA,DIS
20191227,AAPL,AMD,AMZN,BABA,BAC,GOOGL,JPM,META,MSFT,NFLX,NVDA,TSLA,DIS,ROKU
20191230,AAPL,AMD,AMZN,BABA,BAC,GOOGL,JPM,META,MSFT,NFLX,NVDA,TSLA,DIS
20191231,AAPL,AMD,AMZN,BABA,BAC,GOOGL,JPM,META,MSFT,NFLX,NVDA,TSLA,DIS
20200102,AAPL,AMD,AMZN,BA,BABA,BAC,GOOGL,JPM,META,MSFT,NFLX,NVDA,TSLA,DIS,ROKU
20200103,AAPL,AMD,AMZN,BA,BABA,BAC,GOOGL,JPM,META,MSFT,NFLX,NVDA,TSLA,DIS,ROKU
20200106,AAPL,AMD,AMZN,BA,BABA,BAC,GOOGL,JPM,META,MSFT,NFLX,NVDA,TSLA,DIS
20200107,AAPL,AMD,AMZN,BA,BABA,BAC,GOOGL,JPM,META,MSFT,NFLX,NVDA,TSLA,DIS,ROKU
20200108,AAPL,AMD,AMZN,BA,BABA,BAC,GOOGL,JPM,META,MSFT,NFLX,NVDA,TSLA,DIS
20200109,AAPL,AMD,AMZN,BA,BABA,BAC,GOOGL,JPM,META,MSFT,NFLX,NVDA,TSLA,DIS
20200110,AAPL,AMD,AMZN,BA,BABA,BAC,GOOGL,JPM,META,MSFT,NFLX,NVDA,TSLA,DIS
20200113,AAPL,AMD,AMZN,BA,BABA,BAC,GOOGL,JPM,META,MSFT,NFLX,NVDA,TSLA,DIS,ROKU
20200114,AAPL,AMD,AMZN,BA,BABA,GOOGL,JPM,META,MSFT,NFLX,NVDA,TSLA,DIS,ROKU
20200115,AAPL,AMD,AMZN,BA,BABA,BAC,GOOGL,JPM,META,MSFT,NFLX,NVDA,TSLA,DIS,ROKU
20200116,AAPL,AMD,AMZN,BA,BABA,BAC,GOOGL,JPM,META,MSFT,NFLX,NVDA,TSLA,DIS
20200117,AAPL,AMD,AMZN,BA,BABA,BAC,GOOGL,JPM,META,MSFT,NFLX,NVDA,TSLA,DIS
20200121,AAPL,AMD,AMZN,BABA,BAC,GOOGL,JPM,META,MSFT,NFLX,NVDA,TSLA,DIS
20200122,AAPL,AMD,AMZN,BABA,BAC,GOOGL,JPM,META,MSFT,NFLX,NVDA,TSLA,DIS
20200123,AAPL,AMD,AMZN,BABA,BAC,GOOGL,JPM,META,MSFT,NFLX,NVDA,TSLA,DIS
20200124,AAPL,AMD,AMZN,BAC,GOOGL,JPM,META,MSFT,NFLX,NVDA,TSLA,DIS
20200127,AAPL,AMD,AMZN,GOOGL,JPM,META,MSFT,NFLX,TSLA
20200128,AAPL,AMD,AMZN,GOOGL,JPM,META,MSFT,NFLX,NVDA,TSLA
20200129,AAPL,AMD,AMZN,GOOGL,JPM,META,MSFT,NFLX,NVDA,TSLA
20200130,AAPL,AMD,AMZN,GOOGL,JPM,MSFT,NFLX,NVDA,TSLA
20200131,AAPL,AMZN,GOOGL,MSFT,NFLX,TSLA
20200203,AAPL,AMZN,BA,GOOGL,MSFT,NFLX,TSLA
20200204,AAPL,AMZN,BA,GOOGL,MSFT,NFLX,TSLA,DIS
20200205,AAPL,AMZN,BA,BAC,GOOGL,JPM,MSFT,NFLX,TSLA,DIS
20200206,AAPL,AMZN,BA,BAC,GOOGL,JPM,MSFT,NFLX,NVDA,TSLA,DIS
20200207,AAPL,AMZN,BA,BABA,BAC,GOOGL,JPM,MSFT,NFLX,NVDA,TSLA,DIS
20200210,AAPL,AMZN,BA,BABA,BAC,GOOGL,JPM,MSFT,NFLX,NVDA,TSLA,DIS
20200211,AAPL,AMZN,BA,BABA,BAC,GOOGL,JPM,MSFT,NFLX,NVDA,TSLA,DIS
20200212,AAPL,AMD,AMZN,BA,BAC,GOOGL,JPM,META,MSFT,NFLX,NVDA,TSLA,DIS
20200213,AAPL,AMD,AMZN,BA,BABA,BAC,GOOGL,JPM,META,MSFT,NFLX,NVDA,TSLA,DIS
20200214,AAPL,AMD,AMZN,BA,BABA,BAC,GOOGL,JPM,META,MSFT,NFLX,NVDA,TSLA,DIS
20200218,AAPL,AMD,AMZN,BA,BAC,GOOGL,JPM,META,MSFT,NFLX,NVDA,TSLA,DIS
20200219,AAPL,AMD,AMZN,BA,BAC,GOOGL,JPM,META,MSFT,NFLX,NVDA,TSLA,DIS
20200220,AAPL,AMD,AMZN,BA,BAC,GOOGL,JPM,META,MSFT,NFLX,NVDA,TSLA,DIS
20200221,AAPL,AMD,AMZN,BA,BAC,GOOGL,JPM,META,MSFT,NFLX,NVDA,TSLA,DIS,ROKU
20200224,NFLX,NVDA,TSLA
20200225,NFLX,NVDA,TSLA
20200226,NFLX,NVDA,TSLA
20200227,NFLX
20200228,NFLX
20200302,NFLX
20200306,NFLX
20200309,NFLX
20200310,NFLX
20200311,AAPL,AMD
20200320,AMZN
20200323,AMZN
20200324,AMD,AMZN,NFLX,NVDA,ROKU
20200325,AMD,AMZN,BA,BABA,BAC,JPM,META,MSFT,NFLX,NVDA,DIS,ROKU
20200326,AMD,AMZN,BA,BABA,MSFT,NFLX,NVDA,DIS,ROKU
20200327,AAPL,AMD,AMZN,BA,BABA,BAC,GOOGL,JPM,META,MSFT,NFLX,NVDA,TSLA,DIS,ROKU
20200330,AAPL,AMD,AMZN,BA,BABA,BAC,GOOGL,JPM,META,MSFT,NFLX,NVDA,TSLA,DIS,ROKU
20200331,AAPL,AMD,AMZN,BA,BABA,BAC,GOOGL,JPM,META,MSFT,NFLX,NVDA,TSLA,DIS,ROKU
20200401,AAPL,AMD,AMZN,BA,BABA,GOOGL,JPM,META,MSFT,NFLX,NVDA,TSLA,DIS,ROKU
20200402,AAPL,AMD,AMZN,BA,BABA,BAC,GOOGL,JPM,META,MSFT,NFLX,NVDA,TSLA,DIS,ROKU
20200403,AAPL,AMD,AMZN,BA,BABA,BAC,GOOGL,JPM,META,MSFT,NFLX,NVDA,TSLA,DIS
20200406,AAPL,AMD,AMZN,BA,BABA,BAC,GOOGL,JPM,META,NFLX,TSLA,DIS
20200407,AAPL,AMD,AMZN,BABA,BAC,GOOGL,JPM,META,NFLX,NVDA,TSLA,DIS
20200408,AAPL,AMD,AMZN,BABA,BAC,GOOGL,JPM,META,NFLX,TSLA
20200409,AAPL,AMD,AMZN,BABA,GOOGL,META,NFLX,NVDA,TSLA,DIS,ROKU
20200413,AAPL,BABA,BAC,GOOGL,JPM,META,TSLA,DIS,ROKU
20200414,AMZN,BAC,GOOGL,JPM,META,DIS
20200415,AMZN,BAC,GOOGL,JPM,META,NFLX,DIS
20200416,AMD,AMZN,BA,BAC,GOOGL,JPM,META,NFLX,DIS
20200417,AMZN,BA,BAC,GOOGL,JPM,NFLX,NVDA,DIS
20200420,AMZN,BA,BAC,GOOGL,JPM,NFLX,NVDA,DIS
20200421,AAPL,AMZN,BA,BAC,GOOGL,JPM,META,NFLX,NVDA,DIS
20200422,AMZN,GOOGL,NFLX,NVDA,TSLA,DIS,ROKU
20200423,AAPL,AMZN,GOOGL,NFLX,NVDA,TSLA,DIS,ROKU
20200424,AAPL,AMZN,GOOGL,META,NFLX,NVDA,TSLA,DIS,ROKU
20200427,AAPL,AMD,AMZN,GOOGL,META,NFLX,NVDA,TSLA,DIS,ROKU
20200428,AAPL,AMD,AMZN,BABA,BAC,GOOGL,JPM,META,MSFT,NVDA,TSLA,DIS,ROKU
20200429,AAPL,AMZN,BA,BABA,BAC,GOOGL,JPM,META,NVDA,TSLA,DIS
20200430,AMZN,BABA,BAC,GOOGL,JPM,NVDA,TSLA,DIS
20200501,AAPL,BAC,GOOGL,JPM,META,NVDA,V
20200504,AAPL,BAC,GOOGL,JPM,META,NVDA,TSLA,V,ROKU
20200505,AAPL,BAC,GOOGL,JPM,META,NFLX,NVDA,TSLA,V,ROKU
20200506,AAPL,BAC,GOOGL,JPM,META,NFLX,NVDA,TSLA,V,ROKU
20200507,GOOGL,JPM,META,NFLX,NVDA,TSLA,V
20200508,AMZN,GOOGL,JPM,META,NFLX,NVDA,TSLA,V,ROKU
20200511,AMD,BABA,GOOGL,META,NFLX,NVDA,TSLA,V,ROKU
20200512,BABA,GOOGL,META,MSFT,NFLX,NVDA,TSLA,V,ROKU
20200513,AMD,BABA,GOOGL,META,MSFT,NFLX,NVDA,TSLA,V,ROKU
20200514,BABA,GOOGL,META,MSFT,NFLX,NVDA,TSLA,V,ROKU
20200515,AMD,BABA,GOOGL,META,MSFT,NFLX,NVDA,TSLA,V
20200518,AMD,AMZN,BAC,GOOGL,META,MSFT,NFLX,NVDA,TSLA,V
20200519,AMD,AMZN,BABA,BAC,GOOGL,META,MSFT,NFLX,NVDA,TSLA,V
20200520,AMD,AMZN,BABA,BAC,GOOGL,JPM,MSFT,NFLX,NVDA,TSLA,V
20200521,AAPL,AMD,AMZN,BABA,BAC,GOOGL,JPM,META,MSFT,NFLX,NVDA,TSLA,V
20200522,AAPL,AMD,AMZN,BABA,BAC,GOOGL,JPM,META,MSFT,NFLX,NVDA,TSLA,V
20200526,AAPL,AMD,AMZN,BABA,GOOGL,META,MSFT,NFLX,NVDA,TSLA,V
20200527,AAPL,AMD,AMZN,BABA,GOOGL,META,MSFT,NVDA,TSLA,V
20200528,AAPL,AMZN,BABA,BAC,GOOGL,META,MSFT,NVDA,TSLA,V
20200529,AAPL,AMZN,BABA,BAC,GOOGL,JPM,META,MSFT,NVDA,TSLA,V
20200601,AAPL,AMZN,BA,BAC,GOOGL,JPM,META,MSFT,NVDA,TSLA,V
20200602,AAPL,AMZN,BA,BAC,GOOGL,JPM,META,MSFT,NVDA,TSLA,V
20200603,AAPL,AMZN,BA,BAC,GOOGL,JPM,META,MSFT,NVDA,TSLA
20200604,AAPL,AMZN,BA,BAC,GOOGL,JPM,META,MSFT,NVDA,TSLA,V
20200605,AAPL,AMZN,BA,BAC,GOOGL,JPM,META,NVDA,TSLA
20200608,AAPL,AMZN,BA,BABA,BAC,GOOGL,JPM,META,MSFT,NFLX,NVDA,TSLA,ROKU
20200609,AAPL,AMZN,BA,BABA,BAC,GOOGL,JPM,META,MSFT,NFLX,NVDA,TSLA,ROKU
20200610,AAPL,AMZN,BA,BABA,BAC,GOOGL,JPM,META,MSFT,NFLX,NVDA,TSLA,ROKU
20200611,AAPL,AMD,AMZN,BA,BABA,BAC,GOOGL,JPM,META,MSFT,NFLX,NVDA,TSLA,V,ROKU
20200612,AAPL,AMD,AMZN,BA,BABA,BAC,GOOGL,JPM,META,MSFT,NFLX,NVDA,TSLA,V
20200615,AAPL,AMD,AMZN,BA,BABA,BAC,GOOGL,JPM,META,MSFT,NFLX,NVDA,TSLA,V
20200616,AAPL,AMD,AMZN,BA,BABA,BAC,GOOGL,JPM,META,MSFT,NFLX,NVDA,TSLA,V
20200617,AAPL,AMD,AMZN,BA,BABA,GOOGL,META,MSFT,NFLX,NVDA,TSLA,V,ROKU
20200618,AAPL,AMD,AMZN,BABA,GOOGL,META,MSFT,NFLX,NVDA,TSLA,V
20200619,AAPL,AMD,AMZN,BABA,GOOGL,META,MSFT,NFLX,NVDA,TSLA,V,ROKU
20200622,AAPL,AMD,AMZN,BABA,GOOGL,META,MSFT,NFLX,NVDA,TSLA,V,ROKU
20200623,AAPL,AMZN,BABA,GOOGL,META,MSFT,NFLX,NVDA,TSLA,V,ROKU
20200624,AAPL,AMZN,BA,BABA,GOOGL,META,MSFT,NFLX,NVDA,TSLA,V,ROKU
20200625,AAPL,AMZN,BABA,GOOGL,META,MSFT,NFLX,NVDA,TSLA,V,ROKU
20200626,AAPL,AMZN,BABA,MSFT,NFLX,NVDA,TSLA,V,ROKU
20200629,AAPL,AMZN,BABA,MSFT,NFLX,NVDA,TSLA,V
20200630,AAPL,AMZN,BABA,MSFT,NFLX,NVDA,TSLA,V
20200701,AAPL,AMZN,BABA,GOOGL,META,MSFT,NFLX,NVDA,TSLA,V,ROKU
20200702,AAPL,AMZN,BABA,GOOGL,META,MSFT,NFLX,NVDA,TSLA,V,ROKU
20200706,AAPL,AMZN,BABA,GOOGL,META,MSFT,NFLX,NVDA,TSLA,V,ROKU
20200707,AAPL,AMZN,BABA,GOOGL,META,MSFT,NFLX,NVDA,TSLA,V,ROKU
20200708,AAPL,AMD,AMZN,BA,BABA,GOOGL,META,MSFT,NFLX,NVDA,TSLA,V,ROKU
20200709,AAPL,AMZN,BA,BABA,GOOGL,META,MSFT,NFLX,NVDA,TSLA,V,ROKU
20200710,AAPL,AMD,AMZN,BA,BABA,BAC,GOOGL,JPM,META,MSFT,NFLX,NVDA,TSLA,V,ROKU
20200713,AAPL,AMD,AMZN,BABA,BAC,GOOGL,JPM,META,MSFT,NFLX,NVDA,TSLA,V,ROKU
20200714,AAPL,AMD,AMZN,BABA,BAC,GOOGL,JPM,META,MSFT,NFLX,NVDA,TSLA,V,ROKU
20200715,AAPL,AMD,AMZN,BA,BABA,BAC,GOOGL,JPM,META,MSFT,NFLX,NVDA,TSLA,V,ROKU
20200716,AAPL,AMD,AMZN,BA,BABA,BAC,GOOGL,JPM,META,MSFT,NFLX,NVDA,TSLA,V,ROKU
20200717,AAPL,AMD,AMZN,BABA,BAC,GOOGL,JPM,META,MSFT,NFLX,NVDA,TSLA,V,ROKU
20200720,AAPL,AMD,AMZN,BABA,BAC,GOOGL,JPM,META,MSFT,NFLX,NVDA,TSLA,V,ROKU
20200721,AAPL,AMD,AMZN,BABA,GOOGL,JPM,META,MSFT,NFLX,NVDA,TSLA,V,ROKU
20200722,AAPL,AMD,AMZN,BA,BABA,BAC,GOOGL,JPM,META,MSFT,NFLX,NVDA,TSLA,V,ROKU
20200723,AAPL,AMD,BA,BABA,GOOGL,JPM,NVDA,TSLA,V,ROKU
20200724,AAPL,AMD,BA,BABA,BAC,GOOGL,JPM,NVDA,V,ROKU
20200727,AAPL,AMD,BABA,BAC,GOOGL,JPM,NVDA,TSLA,V,ROKU
20200728,AMD,BABA,BAC,GOOGL,JPM,NVDA,V,ROKU
20200729,AMD,AMZN,BABA,BAC,GOOGL,JPM,MSFT,NVDA,V,ROKU
20200730,AMD,BABA,BAC,GOOGL,JPM,MSFT,NVDA,V,ROKU
20200731,AAPL,AMD,AMZN,BABA,BAC,JPM,META,MSFT,NVDA,ROKU
20200803,AAPL,AMD,AMZN,BABA,BAC,JPM,META,NFLX,NVDA,ROKU
20200804,AAPL,AMD,AMZN,BABA,BAC,JPM,META,MSFT,NFLX,NVDA,ROKU
20200805,AAPL,AMD,BABA,BAC,JPM,META,MSFT,NFLX,NVDA,ROKU
20200806,AAPL,AMD,AMZN,BABA,BAC,JPM,META,MSFT,NFLX,NVDA,V,ROKU
20200807,AAPL,AMD,AMZN,BABA,BAC,JPM,META,MSFT,NFLX,NVDA,V,ROKU
20200810,AAPL,AMD,AMZN,BA,BABA,BAC,JPM,META,MSFT,NFLX,NVDA,V,ROKU
20200811,AAPL,AMD,AMZN,BA,BABA,BAC,JPM,META,MSFT,NFLX,NVDA,V,ROKU
20200812,AAPL,AMD,AMZN,BA,BABA,BAC,JPM,META,MSFT,NFLX,NVDA,V,ROKU
20200813,AAPL,AMD,AMZN,BA,BABA,BAC,GOOGL,JPM,META,MSFT,NFLX,NVDA,V,ROKU
20200814,AAPL,AMD,AMZN,BA,BABA,BAC,GOOGL,JPM,META,MSFT,NFLX,NVDA,V
20200817,AAPL,AMD,AMZN,BA,BABA,BAC,GOOGL,JPM,META,MSFT,NVDA,TSLA,V
20200818,AAPL,AMZN,BA,BABA,BAC,GOOGL,JPM,META,MSFT,NVDA,TSLA,V
20200819,AAPL,AMZN,BA,BABA,BAC,GOOGL,JPM,META,MSFT,NVDA,TSLA,V
20200820,AAPL,AMZN,BA,BABA,BAC,GOOGL,JPM,META,MSFT,NFLX,NVDA,TSLA,V
20200821,AAPL,AMD,AMZN,BABA,GOOGL,JPM,META,MSFT,NFLX,NVDA,TSLA,V
20200824,AAPL,AMD,AMZN,BABA,GOOGL,JPM,META,MSFT,NFLX,NVDA,TSLA,V
20200825,AAPL,AMD,AMZN,BABA,GOOGL,JPM,META,MSFT,NFLX,NVDA,TSLA,V,ROKU
20200826,AAPL,AMD,AMZN,BABA,GOOGL,JPM,META,MSFT,NVDA,TSLA,V
20200827,AAPL,AMD,AMZN,BABA,GOOGL,JPM,META,MSFT,NFLX,NVDA,TSLA,V
20200828,AAPL,AMD,AMZN,BA,BABA,BAC,GOOGL,JPM,META,MSFT,NFLX,NVDA,TSLA,V
20200831,AAPL,AMD,AMZN,BA,BABA,BAC,GOOGL,JPM,META,MSFT,NFLX,NVDA,TSLA,V,ROKU
20200901,AAPL,AMD,AMZN,BA,BABA,BAC,GOOGL,JPM,META,MSFT,NFLX,NVDA,TSLA,V,ROKU
20200902,AAPL,AMD,AMZN,BA,BABA,BAC,GOOGL,JPM,META,MSFT,NFLX,NVDA,TSLA,V,ROKU
20200903,AAPL,AMD,AMZN,BA,BABA,BAC,GOOGL,JPM,META,MSFT,NFLX,NVDA,TSLA,V,ROKU
20200904,AAPL,AMD,AMZN,BABA,BAC,GOOGL,JPM,META,MSFT,NFLX,NVDA,TSLA,V,ROKU
20200908,BAC,JPM,META,NFLX,V,ROKU
20200909,BAC,JPM,V,ROKU
20200910,BAC,JPM,ROKU
20200911,BAC,JPM
20200914,BAC,JPM
20200915,BAC,JPM
20200916,BAC,JPM
20200917,BAC,JPM
20200918,ROKU
20200921,BABA,NVDA
20200922,BABA,NVDA,ROKU
20200923,BABA,NVDA,TSLA,ROKU
20200924,BABA,NVDA,TSLA,ROKU
20200925,AMD,BABA,MSFT,NFLX,NVDA,TSLA,ROKU
20200928,AMD,AMZN,BA,BABA,MSFT,NFLX,NVDA,ROKU
20200929,AAPL,AMD,AMZN,BA,BABA,MSFT,NFLX,NVDA,ROKU
20200930,AAPL,AMD,AMZN,BA,BABA,META,MSFT,NFLX,NVDA,TSLA,ROKU
20201001,AAPL,AMZN,BA,BABA,GOOGL,META,MSFT,NFLX,NVDA,TSLA,V,ROKU,ZM
20201002,AAPL,AMZN,BA,BABA,GOOGL,JPM,META,MSFT,NFLX,NVDA,V,ROKU,ZM
20201005,AAPL,AMZN,BA,BABA,GOOGL,JPM,META,MSFT,NFLX,NVDA,TSLA,V,ROKU,ZM
20201006,AAPL,AMZN,BA,BABA,GOOGL,JPM,META,MSFT,NFLX,NVDA,V,ROKU
20201007,AAPL,AMZN,BA,BABA,GOOGL,JPM,META,MSFT,NFLX,NVDA,TSLA,V,ROKU,ZM
20201008,AMZN,BA,BABA,GOOGL,JPM,META,MSFT,NFLX,NVDA,TSLA,V,ROKU,ZM
20201009,AMZN,BA,BABA,JPM,META,NFLX,NVDA,TSLA,ROKU,ZM
20201012,BA,BABA,JPM,NVDA,TSLA,V,ROKU,ZM
20201013,AMZN,BA,BABA,JPM,NVDA,TSLA,V,ROKU,ZM
20201014,AMZN,BA,BABA,GOOGL,JPM,META,MSFT,NFLX,NVDA,TSLA,V,ROKU,ZM
20201015,AMZN,BA,BABA,GOOGL,JPM,META,MSFT,NFLX,NVDA,TSLA,V,ROKU,ZM
20201016,AMZN,BA,BABA,GOOGL,JPM,META,MSFT,NFLX,NVDA,TSLA,V,ROKU,ZM
20201019,AAPL,AMD,AMZN,BA,BABA,GOOGL,JPM,META,MSFT,NFLX,NVDA,TSLA,V,ROKU,ZM
20201020,AMZN,BA,BABA,JPM,META,MSFT,NFLX,NVDA,TSLA,V,ROKU,ZM
20201021,AMZN,BA,BABA,JPM,MSFT,NVDA,TSLA,V,ROKU,ZM
20201022,AMZN,BA,BABA,META,MSFT,NVDA,TSLA,ROKU,ZM
20201023,BA,BABA,JPM,MSFT,ROKU,ZM
20201026,BA,BABA,GOOGL,JPM,META,ZM
20201027,BABA,GOOGL,JPM,META,ZM
20201028,BABA,GOOGL,META,ZM
20201029,BABA,GOOGL,META
20201030,BABA,GOOGL,META
20201102,BABA,GOOGL,META
20201103,GOOGL
20201104,AMZN,GOOGL,JPM,META,NFLX
20201105,AMZN,GOOGL,META,NFLX
20201106,AMZN,GOOGL,META,NFLX
20201109,BA,GOOGL,JPM,META,NFLX
20201110,BA,GOOGL,JPM,META,NFLX
20201111,BA,GOOGL,JPM,META,NFLX
20201112,AMZN,BA,GOOGL,JPM,META,MSFT,NFLX,NVDA,SHOP
20201113,AAPL,AMZN,BA,GOOGL,JPM,META,MSFT,NFLX,SHOP
20201116,AAPL,AMZN,GOOGL,JPM,META,MSFT,NFLX
20201117,AMZN,BA,GOOGL,JPM,MSFT,NFLX
20201118,BA,GOOGL,JPM
20201119,BA,GOOGL,JPM
20201120,BA,GOOGL,JPM,ZM
20201123,AMZN,BA,GOOGL,JPM,TSLA,ZM
20201124,BA,GOOGL,JPM,META,TSLA,ZM
20201125,BA,GOOGL,JPM,META,TSLA,V
20201127,BA,GOOGL,JPM,META,TSLA,V
20201130,AAPL,AMD,AMZN,BA,GOOGL,JPM,META,TSLA,V
20201201,AAPL,AMD,AMZN,BA,BABA,GOOGL,JPM,META,NFLX,NVDA,TSLA,ZM,SHOP,NIO
20201202,AAPL,AMD,AMZN,BA,BABA,GOOGL,JPM,META,NVDA,TSLA,ZM,SHOP,NIO
20201203,AMD,BA,BABA,GOOGL,JPM,META,NFLX,TSLA,ZM
20201204,AAPL,AMD,BA,BABA,GOOGL,JPM,META,NFLX,TSLA
20201207,AAPL,AMD,BA,BABA,GOOGL,JPM,META,NFLX,TSLA
20201208,AAPL,AMD,AMZN,BA,GOOGL,JPM,META,MSFT,NFLX,TSLA,SHOP
20201209,AAPL,AMD,BA,GOOGL,JPM,META,MSFT,NFLX,TSLA
20201210,AAPL,AMD,BA,GOOGL,JPM,META,MSFT,NFLX,TSLA
20201211,AAPL,AMD,BA,BABA,GOOGL,JPM,META,MSFT,NFLX,TSLA
20201214,AAPL,AMD,AMZN,BA,BABA,GOOGL,JPM,MSFT,NFLX,TSLA
20201215,AAPL,AMD,BA,BABA,GOOGL,JPM,MSFT,NFLX,TSLA
20201216,AAPL,AMD,BABA,GOOGL,JPM,MSFT,NFLX,TSLA
20201217,AAPL,AMD,JPM,MSFT,NFLX,TSLA,NIO
20201218,AAPL,AMD,BABA,JPM,MSFT,NFLX,TSLA,SHOP,NIO
20201221,AAPL,AMD,MSFT,NFLX,TSLA,SHOP,NIO
20201222,AAPL,AMD,JPM,MSFT,NFLX,TSLA,ZM,SHOP,NIO
20201223,AAPL,AMD,BABA,MSFT,NFLX,NVDA,TSLA,ZM,SHOP,NIO
20201224,AAPL,AMD,JPM,MSFT,NVDA,TSLA,SHOP,NIO
20201228,AAPL,AMD,GOOGL,JPM,META,MSFT,NFLX,TSLA,SHOP,NIO
20201229,AAPL,GOOGL,JPM,META,MSFT,NFLX,TSLA,SHOP,NIO
20201230,AAPL,GOOGL,JPM,META,MSFT,NFLX,TSLA,SHOP,NIO
20201231,AAPL,GOOGL,JPM,META,MSFT,NFLX,NVDA,TSLA,NIO
20210104,AAPL,GOOGL,JPM,META,MSFT,NFLX,TSLA
20210105,AAPL,GOOGL,JPM,META,MSFT,NFLX,TSLA
20210106,GOOGL,JPM,META,TSLA
20210107,GOOGL,JPM,META,TSLA
20210108,AAPL,GOOGL,JPM,META,TSLA,NIO
20210111,GOOGL,JPM,TSLA,NIO
20210112,GOOGL,JPM,TSLA,ZM,NIO
20210113,GOOGL,JPM,TSLA,ZM,NIO
20210114,AMD,GOOGL,JPM,NVDA,TSLA,ZM,NIO
20210115,BA,GOOGL,JPM,NVDA,TSLA,ZM,NIO
20210119,GOOGL,JPM,TSLA,ZM,NIO
20210120,AMZN,JPM,META,NFLX,NVDA,TSLA,ZM,SHOP,NIO
20210121,AMZN,BA,GOOGL,JPM,META,NFLX,NVDA,TSLA,ZM,SHOP,NIO
20210122,AMZN,BA,GOOGL,JPM,META,MSFT,NFLX,NVDA,TSLA,ZM,SHOP,NIO
20210125,AAPL,AMZN,BA,GOOGL,META,NFLX,NVDA,TSLA,ZM,SHOP
20210126,AAPL,AMZN,BA,GOOGL,META,MSFT,NFLX,NVDA,TSLA,ZM,SHOP
20210127,AAPL,AMZN,GOOGL,META,MSFT,NFLX,TSLA,ZM
20210128,AAPL,AMZN,BABA,GOOGL,META,MSFT,NFLX,TSLA,ZM
20210129,AAPL,AMZN,BABA,GOOGL,META,MSFT,NFLX,NVDA,TSLA,ZM,NIO
20210201,AAPL,AMZN,BABA,GOOGL,META,MSFT,NFLX,NVDA,TSLA,ZM,NIO
20210202,AAPL,AMZN,GOOGL,META,MSFT,NVDA,TSLA,ZM,SHOP,NIO
20210203,AAPL,AMD,AMZN,BABA,GOOGL,JPM,META,MSFT,NVDA,TSLA,ZM,SHOP
20210204,AAPL,AMZN,BA,GOOGL,JPM,META,MSFT,NVDA,TSLA,ZM,SHOP
20210205,AMZN,BA,BABA,GOOGL,META,MSFT,NVDA,TSLA,ZM,SHOP
20210208,AMZN,BA,BABA,GOOGL,JPM,MSFT,TSLA,ZM,SHOP
20210209,AMD,AMZN,BA,GOOGL,JPM,MSFT,NFLX,ZM,SHOP
20210210,AMD,AMZN,BA,GOOGL,JPM,META,MSFT,NFLX,NVDA,TSLA,ZM,SHOP,NIO
20210211,AAPL,AMZN,BA,GOOGL,JPM,META,MSFT,NFLX,NVDA,TSLA,ZM,SHOP,NIO
20210212,AAPL,AMZN,BA,GOOGL,JPM,META,MSFT,NFLX,NVDA,TSLA,ZM,SHOP,NIO
20210216,AAPL,AMZN,BA,GOOGL,JPM,META,MSFT,NFLX,NVDA,ZM,SHOP,NIO
20210217,AAPL,AMZN,BA,GOOGL,JPM,META,MSFT,NFLX,NVDA,ZM,SHOP,NIO
20210218,AMD,AMZN,BA,GOOGL,JPM,META,MSFT,NFLX,NVDA,ZM,SHOP
20210219,AMZN,BA,GOOGL,JPM,META,MSFT,NFLX,NVDA,ZM,SHOP
20210222,BA,GOOGL,JPM,META,MSFT,NFLX,NVDA,SHOP
20210223,BA,GOOGL,JPM,META,NFLX,NVDA
20210224,BA,GOOGL,JPM,META,NFLX,NVDA
20210225,BA,GOOGL,JPM,NFLX
20210226,BA,GOOGL,JPM
20210301,BA,GOOGL,JPM
20210302,BA,GOOGL,JPM
20210303,BA,JPM
20210304,BA,JPM
20210305,BA,GOOGL,JPM
20210308,BA,GOOGL,JPM,META
20210309,BA,GOOGL,JPM,META
20210310,BA,GOOGL,JPM
20210311,BA,GOOGL,JPM,META,TSLA,NIO
20210312,BA,GOOGL,JPM,META,TSLA
20210315,BA,GOOGL,JPM,META,TSLA,NIO
20210316,BA,GOOGL,JPM,META,TSLA,NIO
20210317,AMZN,BA,GOOGL,JPM,META,TSLA,NIO
20210318,AMZN,BA,GOOGL,JPM,META,MSFT,NFLX,TSLA,NIO
20210319,BA,GOOGL,JPM,META,MSFT,NFLX,TSLA,ZM,NIO
20210322,BA,GOOGL,JPM,META,MSFT,NFLX,TSLA,ZM,SHOP,NIO
20210323,AAPL,AMD,AMZN,BA,GOOGL,JPM,META,MSFT,NFLX,TSLA,ZM,SHOP,NIO
20210324,AAPL,AMZN,GOOGL,JPM,META,MSFT,NFLX,SHOP
20210325,AAPL,AMZN,GOOGL,JPM,META,MSFT,NFLX
20210326,AAPL,AMZN,GOOGL,JPM,MSFT,NFLX
20210329,AAPL,AMZN,GOOGL,JPM,MSFT,NFLX,NVDA
20210330,AAPL,AMZN,BABA,GOOGL,JPM,META,MSFT,NFLX
20210331,AAPL,AMZN,GOOGL,JPM,META,MSFT,NFLX,TSLA,ZM
20210401,AAPL,AMD,AMZN,GOOGL,JPM,META,MSFT,NFLX,TSLA,ZM,SHOP
20210405,AAPL,AMD,AMZN,BA,GOOGL,JPM,META,MSFT,NFLX,NVDA,TSLA,ZM,SHOP
20210406,AAPL,AMD,AMZN,BA,GOOGL,JPM,META,MSFT,NFLX,NVDA,TSLA,ZM,SHOP
20210407,AAPL,AMD,AMZN,BA,GOOGL,JPM,META,MSFT,NFLX,NVDA,TSLA,ZM,SHOP,NIO
20210408,AAPL,AMD,AMZN,BA,BABA,GOOGL,JPM,META,MSFT,NFLX,NVDA,TSLA,ZM,SHOP
20210409,AAPL,AMD,AMZN,BA,BABA,GOOGL,JPM,META,MSFT,NFLX,NVDA,TSLA,ZM,SHOP
20210412,AAPL,AMZN,BA,BABA,GOOGL,JPM,META,MSFT,NFLX,NVDA,TSLA,ZM,SHOP,NIO
20210413,AAPL,AMZN,BA,BABA,GOOGL,JPM,META,MSFT,NFLX,NVDA,TSLA,ZM,SHOP,NIO
20210414,AAPL,AMD,AMZN,BA,BABA,GOOGL,JPM,META,MSFT,NFLX,NVDA,TSLA,ZM,SHOP
20210415,AAPL,AMD,AMZN,BA,BABA,GOOGL,JPM,META,MSFT,NFLX,NVDA,TSLA,ZM,SHOP
20210416,AAPL,AMD,AMZN,BABA,GOOGL,JPM,META,MSFT,NFLX,NVDA,TSLA,ZM,SHOP
20210419,AMD,AMZN,BABA,GOOGL,JPM,META,MSFT,NFLX,NVDA,TSLA,ZM,SHOP
20210420,AMD,AMZN,BABA,GOOGL,JPM,META,MSFT,NFLX,NVDA,TSLA,ZM
20210421,AMD,AMZN,BABA,GOOGL,JPM,META,MSFT,NVDA,TSLA,ZM,NIO
20210422,AMZN,BABA,GOOGL,MSFT,NVDA,TSLA,ZM,NIO
20210423,AMD,AMZN,GOOGL,MSFT,NVDA,TSLA,ZM,NIO
20210426,AMD,AMZN,GOOGL,MSFT,NVDA,TSLA,ZM
20210427,AAPL,AMD,AMZN,GOOGL,JPM,META,MSFT,NVDA,TSLA,ZM,NIO
20210428,AAPL,AMD,AMZN,GOOGL,JPM,META,MSFT,ZM,NIO
20210429,AMZN,GOOGL,JPM,MSFT,ZM,NIO
20210430,AMZN,GOOGL,JPM,MSFT,ZM,NIO
20210503,AMD,AMZN,BA,BABA,GOOGL,JPM,META,MSFT,ZM,SHOP
20210504,AMD,AMZN,BA,BABA,GOOGL,JPM,META
20210505,AMD,AMZN,BA,BABA,GOOGL,JPM,META
20210506,AMZN,BA,BABA,GOOGL,JPM,META,SHOP
20210507,AMZN,BA,BABA,GOOGL,JPM,META
20210510,BA,GOOGL,JPM,META
20210511,BA,GOOGL,JPM,META
20210512,JPM
20210513,JPM
20210514,JPM
20210517,JPM,ZM
20210518,JPM,ZM
20210519,JPM,ZM
20210520,JPM,ZM
20210521,AMD,AMZN,BA,JPM,NFLX,ZM
20210524,AMD,AMZN,BA,JPM,NFLX,ZM,NIO
20210525,AMD,AMZN,BA,JPM,MSFT,NFLX,ZM,SHOP,NIO
20210526,AMZN,BA,BABA,JPM,META,NFLX,ZM,NIO
20210527,AMZN,BA,BABA,GOOGL,JPM,META,ZM,NIO
20210528,AMZN,BA,BABA,GOOGL,JPM,META,ZM,NIO
20210601,AAPL,AMD,AMZN,BA,BABA,GOOGL,JPM,META,NFLX,TSLA,ZM,NIO
20210602,AAPL,AMZN,BA,BABA,GOOGL,JPM,META,NFLX,TSLA,ZM,NIO
20210603,AAPL,AMD,AMZN,BA,BABA,GOOGL,JPM,META,MSFT,NFLX,TSLA,ZM,NIO
20210604,AMD,AMZN,BA,BABA,GOOGL,JPM,META,NFLX,TSLA,ZM,NIO
20210607,AMD,AMZN,BA,BABA,GOOGL,JPM,META,NFLX,NVDA,TSLA,ZM,NIO
20210608,AMD,AMZN,BA,BABA,GOOGL,JPM,META,MSFT,NFLX,NVDA,TSLA,ZM,NIO,XYZ
20210609,AMD,AMZN,BA,BABA,GOOGL,JPM,META,NFLX,NVDA,TSLA,ZM,NIO
20210610,AMD,AMZN,BA,BABA,GOOGL,JPM,META,NFLX,NVDA,TSLA,ZM,NIO
20210611,AMD,BA,BABA,GOOGL,JPM,META,MSFT,NFLX,NVDA,TSLA,ZM,NIO
20210614,AMD,BA,BABA,GOOGL,META,MSFT,NFLX,NVDA,TSLA,ZM,NIO,XYZ
20210615,AMD,BA,GOOGL,META,MSFT,NFLX,NVDA,TSLA,ZM,NIO,XYZ
20210616,AAPL,AMD,BA,GOOGL,META,MSFT,NFLX,NVDA,TSLA,ZM,NIO,XYZ
20210617,AAPL,AMD,GOOGL,META,MSFT,NFLX,NVDA,TSLA,ZM,NIO
20210618,AAPL,AMD,GOOGL,META,MSFT,NFLX,NVDA,TSLA,ZM,NIO
20210621,AAPL,AMD,AMZN,GOOGL,META,MSFT,NFLX,NVDA,TSLA,ZM,NIO
20210622,AAPL,AMD,AMZN,GOOGL,META,MSFT,NFLX,NVDA,TSLA,ZM,NIO
20210623,AAPL,AMD,AMZN,BABA,GOOGL,META,MSFT,NFLX,NVDA,TSLA,ZM,NIO
20210624,AAPL,AMD,AMZN,BA,BABA,GOOGL,META,MSFT,NFLX,NVDA,TSLA,ZM,NIO
20210625,AAPL,AMD,AMZN,BA,BABA,GOOGL,META,MSFT,NFLX,NVDA,TSLA,ZM,NIO
20210628,AAPL,AMD,AMZN,BA,BABA,GOOGL,META,MSFT,NFLX,NVDA,TSLA,ZM,NIO
20210629,AAPL,AMD,AMZN,BA,BABA,GOOGL,META,MSFT,NFLX,NVDA,TSLA,ZM,NIO
20210630,AAPL,AMD,AMZN,BA,BABA,GOOGL,JPM,META,MSFT,NFLX,NVDA,TSLA,ZM,XYZ
20210701,AAPL,AMD,AMZN,BA,GOOGL,JPM,META,MSFT,NFLX,NVDA,TSLA,ZM,XYZ
20210702,AAPL,AMD,AMZN,BA,GOOGL,JPM,META,MSFT,NFLX,NVDA,TSLA,ZM,XYZ
20210706,AAPL,AMD,AMZN,BA,GOOGL,JPM,META,MSFT,NFLX,NVDA,TSLA,ZM,XYZ
20210707,AAPL,AMD,AMZN,GOOGL,JPM,META,MSFT,NFLX,NVDA,TSLA,ZM,NIO,XYZ
20210708,AAPL,AMD,AMZN,GOOGL,JPM,META,MSFT,NFLX,NVDA,TSLA,ZM,NIO,XYZ
20210709,AAPL,AMD,AMZN,GOOGL,JPM,META,MSFT,NVDA,TSLA,ZM,NIO,XYZ
20210712,AAPL,AMD,AMZN,GOOGL,JPM,META,MSFT,NVDA,TSLA,ZM
20210713,AAPL,AMD,AMZN,GOOGL,JPM,META,MSFT,NVDA,TSLA,XYZ
20210714,AAPL,AMZN,GOOGL,JPM,META,MSFT,NVDA,TSLA,XYZ
20210715,AAPL,AMZN,GOOGL,JPM,META,MSFT,XYZ
20210716,AAPL,AMZN,GOOGL,JPM,META,MSFT,NFLX,XYZ
20210719,AAPL,AMZN,GOOGL,MSFT
20210720,AAPL,AMZN,GOOGL,MSFT,NFLX,TSLA
20210721,AAPL,AMZN,GOOGL,JPM,META,MSFT,NFLX,TSLA,NIO,XYZ
20210722,AAPL,AMD,AMZN,GOOGL,JPM,META,MSFT,TSLA,NIO,XYZ
20210723,AAPL,AMD,AMZN,GOOGL,META,MSFT,XYZ
20210726,AAPL,AMD,AMZN,GOOGL,META,MSFT,XYZ
20210727,AAPL,AMD,AMZN,GOOGL,META,MSFT,XYZ
20210728,AAPL,AMD,AMZN,BA,GOOGL,META,MSFT,NVDA,XYZ
20210729,AAPL,AMD,AMZN,BA,GOOGL,JPM,META,MSFT,NVDA,TSLA,XYZ
20210730,AAPL,AMD,BA,GOOGL,JPM,META,MSFT,NVDA,TSLA,ZM,XYZ
20210802,AAPL,AMD,BA,GOOGL,META,MSFT,NVDA,TSLA,MRNA
20210803,AAPL,AMD,BA,GOOGL,META,MSFT,NVDA,TSLA,ZM,MRNA
20210804,AAPL,AMD,GOOGL,META,MSFT,NFLX,NVDA,TSLA,MRNA
20210805,AAPL,AMD,GOOGL,META,MSFT,NFLX,NVDA,TSLA,NIO,MRNA
20210806,AAPL,AMD,BABA,GOOGL,META,MSFT,NFLX,NVDA,TSLA,ZM,NIO,MRNA
20210809,AMD,BABA,GOOGL,META,MSFT,NFLX,NVDA,TSLA,ZM,NIO,MRNA
20210810,AMD,BABA,GOOGL,META,MSFT,NFLX,NVDA,TSLA,ZM,NIO,MRNA
20210811,AMD,BABA,GOOGL,META,MSFT,NFLX,TSLA,NIO,MRNA
20210812,AAPL,AMD,BA,GOOGL,META,MSFT,NFLX,TSLA,MRNA
20210813,AAPL,AMD,BA,GOOGL,META,MSFT,NFLX,NVDA,TSLA,MRNA
20210816,AAPL,BA,GOOGL,META,MSFT,NFLX,NVDA,TSLA,MRNA
20210817,AAPL,GOOGL,META,MSFT,NFLX
20210818,AAPL,GOOGL,META,MSFT,NFLX
20210819,AAPL,GOOGL,META,MSFT,NFLX,AMC
20210820,AAPL,GOOGL,META,MSFT,NFLX,NVDA
20210823,AAPL,AMD,GOOGL,META,MSFT,NFLX,NVDA
20210824,AAPL,AMZN,GOOGL,META,MSFT,NFLX,NVDA
20210825,AAPL,AMZN,GOOGL,META,MSFT,NFLX,NVDA
20210826,AAPL,AMZN,GOOGL,META,MSFT,NFLX,NVDA,TSLA
20210827,AAPL,AMZN,GOOGL,META,MSFT,NFLX,NVDA,AMC
20210830,AAPL,AMZN,GOOGL,META,MSFT,NFLX,NVDA
20210831,AAPL,AMZN,GOOGL,META,MSFT,NFLX,NVDA,TSLA,NIO
20210901,AAPL,AMD,AMZN,GOOGL,META,MSFT,NFLX,NVDA,TSLA,NIO,AMC
20210902,AAPL,AMD,AMZN,GOOGL,META,MSFT,NFLX,NVDA,TSLA,NIO,AMC,MRNA
20210903,AAPL,AMD,AMZN,GOOGL,META,MSFT,NFLX,NVDA,TSLA,NIO,AMC,MRNA
20210907,AAPL,AMD,AMZN,GOOGL,META,MSFT,NFLX,NVDA,TSLA,NIO,AMC,MRNA
20210908,AAPL,AMD,AMZN,GOOGL,META,MSFT,NFLX,NVDA,TSLA,NIO,AMC,MRNA
20210909,AAPL,AMD,AMZN,GOOGL,META,MSFT,NFLX,NVDA,TSLA,NIO,AMC,MRNA
20210910,AAPL,AMZN,GOOGL,META,MSFT,NFLX,NVDA,TSLA,NIO,AMC,MRNA
20210913,AAPL,AMZN,GOOGL,META,MSFT,NFLX,NVDA,TSLA,AMC,MRNA
20210914,AAPL,AMZN,GOOGL,META,MSFT,NFLX,NVDA,TSLA,AMC,MRNA
20210915,AAPL,AMZN,GOOGL,META,MSFT,NFLX,NVDA,TSLA,AMC,MRNA
20210916,AAPL,AMZN,GOOGL,META,MSFT,NFLX,NVDA,TSLA,AMC,MRNA
20210917,AMZN,GOOGL,META,MSFT,NFLX,TSLA,AMC,MRNA
20210920,GOOGL,MSFT,TSLA,MRNA
20210921,GOOGL,MSFT,TSLA,MRNA
20210922,GOOGL,MSFT,TSLA,MRNA
20210923,AMD,BA,GOOGL,MSFT,NVDA,TSLA,MRNA
20210924,AMD,BA,GOOGL,MSFT,NFLX,NVDA,TSLA,MRNA
20210927,AMD,BA,GOOGL,MSFT,NFLX,NVDA,TSLA
20210928,AMD,BA,NFLX,TSLA
20210929,BA,NFLX,TSLA
20210930,BA,NFLX,TSLA
20211001,AMD,BA,NFLX,TSLA,NIO
20211004,AMD,BA,NFLX,TSLA
20211005,AMD,BA,NFLX,TSLA
20211006,AMD,BA,NFLX,TSLA
20211007,AMD,BA,BABA,NFLX,TSLA,NIO
20211008,AMD,BABA,MSFT,NFLX,TSLA,NIO
20211011,AAPL,AMD,BABA,GOOGL,MSFT,NFLX,TSLA,NIO,AMC
20211012,AAPL,AMD,BABA,GOOGL,MSFT,NFLX,NVDA,TSLA,NIO,AMC
20211013,AAPL,AMD,BABA,GOOGL,MSFT,NFLX,NVDA,TSLA,AMC
20211014,AAPL,AMD,BABA,GOOGL,MSFT,NFLX,NVDA,TSLA,NIO,AMC
20211015,AAPL,AMD,BABA,GOOGL,MSFT,NFLX,NVDA,TSLA,AMC
20211018,AAPL,AMD,BA,BABA,GOOGL,META,MSFT,NFLX,NVDA,TSLA,AMC,MRNA
20211019,AAPL,AMD,BABA,GOOGL,META,MSFT,NFLX,NVDA,TSLA,XYZ,AMC,MRNA
20211020,AAPL,AMD,BABA,GOOGL,META,MSFT,NFLX,NVDA,TSLA,XYZ,AMC,MRNA
20211021,AAPL,AMD,AMZN,BABA,GOOGL,META,MSFT,NFLX,NVDA,TSLA,XYZ,AMC
20211022,AAPL,AMD,AMZN,BABA,GOOGL,META,MSFT,NFLX,NVDA,TSLA,XYZ,AMC,MRNA
20211025,AAPL,AMD,AMZN,BABA,GOOGL,META,MSFT,NFLX,NVDA,TSLA,XYZ,AMC
20211026,AAPL,AMD,AMZN,BABA,GOOGL,META,MSFT,NFLX,NVDA,TSLA,XYZ
20211027,AAPL,AMD,AMZN,BABA,GOOGL,MSFT,NFLX,NVDA,TSLA,XYZ
20211028,AAPL,AMD,AMZN,BABA,GOOGL,MSFT,NFLX,NVDA,TSLA,XYZ
20211029,AAPL,AMD,AMZN,BABA,GOOGL,MSFT,NFLX,NVDA,TSLA,NIO,XYZ
20211101,AAPL,AMD,AMZN,BABA,GOOGL,MSFT,NFLX,NVDA,TSLA,XYZ
20211102,AAPL,AMD,AMZN,GOOGL,MSFT,NFLX,NVDA,TSLA,NIO,XYZ
20211103,AAPL,AMD,AMZN,GOOGL,MSFT,NFLX,NVDA,TSLA,NIO,AMC
20211104,AAPL,AMD,GOOGL,META,MSFT,NFLX,NVDA,TSLA,NIO,AMC
20211105,AAPL,AMD,GOOGL,MSFT,NFLX,NVDA,TSLA,NIO,AMC
20211108,AAPL,AMD,AMZN,GOOGL,META,MSFT,NFLX,NVDA,TSLA,NIO,AMC
20211109,AAPL,AMD,GOOGL,META,MSFT,NFLX,NVDA,TSLA,NIO,AMC
20211110,AAPL,AMD,AMZN,GOOGL,META,MSFT,NVDA,TSLA,NIO,AMC
20211111,AAPL,AMD,AMZN,BABA,GOOGL,META,MSFT,NVDA,NIO,AMC
20211112,AAPL,AMD,AMZN,BABA,GOOGL,META,MSFT,NFLX,NVDA,NIO,AMC
20211115,AAPL,AMD,AMZN,BABA,GOOGL,META,MSFT,NFLX,NVDA,NIO,AMC
20211116,AAPL,AMD,AMZN,BABA,GOOGL,META,MSFT,NFLX,NVDA,NIO,AMC
20211117,AAPL,AMD,AMZN,BABA,GOOGL,META,MSFT,NFLX,NVDA,AMC
20211118,AMD,GOOGL,META,MSFT,NFLX,NVDA,AMC
20211119,AAPL,AMD,AMZN,BA,GOOGL,META,MSFT,NFLX,NVDA,MRNA
20211122,AAPL,AMD,AMZN,GOOGL,META,MSFT,NFLX,NVDA,AMC,MRNA
20211123,AAPL,AMD,AMZN,GOOGL,META,MSFT,NFLX,NVDA,AMC
20211124,AAPL,AMD,AMZN,GOOGL,META,MSFT,NFLX,NVDA,AMC
20211126,AAPL,AMD,AMZN,META,MSFT,NFLX,NVDA
20211129,AAPL,AMD,AMZN,META,MSFT,NFLX,NVDA
20211130,AAPL,AMD,AMZN,MSFT,NVDA,MRNA
20211201,AAPL,AMD,AMZN,MSFT,NVDA,TSLA
20211202,AAPL,AMD,MSFT,NVDA,TSLA,MRNA
20211203,AAPL,MRNA
20211206,AAPL
20211207,AAPL,GOOGL,NVDA,MRNA,PYPL
20211208,AAPL,BA,GOOGL,NVDA,MRNA,PYPL
20211209,AAPL,BA,GOOGL,MSFT,NVDA,PYPL
20211210,AAPL,BA,GOOGL,MSFT,PYPL
20211213,AAPL,BA,META,MSFT,PYPL
20211214,AAPL,BA,BABA,GOOGL,META,MSFT,PYPL
20211215,AAPL,AMZN,BABA,GOOGL,META,MSFT,PYPL
20211216,AAPL,AMZN,BABA,GOOGL,META,MSFT,PYPL
20211217,AAPL,AMZN,BABA,GOOGL,META,MSFT,AMC,MRNA,PYPL
20211220,AAPL,GOOGL,META,MRNA
20211221,AAPL,GOOGL,META
20211222,AAPL,AMD,GOOGL,META,MSFT,NFLX,TSLA
20211223,AAPL,AMD,GOOGL,META,MSFT,NFLX,TSLA,AMC,PYPL
20211227,AAPL,AMD,AMZN,GOOGL,META,MSFT,NFLX,NVDA,TSLA,AMC,PYPL
20211228,AAPL,AMD,AMZN,GOOGL,META,MSFT,NFLX,NVDA,TSLA,AMC,PYPL
20211229,AAPL,AMD,AMZN,GOOGL,META,MSFT,NFLX,NVDA,TSLA,AMC,PYPL
20211230,AAPL,AMD,AMZN,BABA,GOOGL,META,MSFT,NFLX,NVDA,TSLA,AMC,PYPL
20211231,AAPL,AMD,AMZN,BABA,GOOGL,META,MSFT,NFLX,NVDA,TSLA,PYPL
20220103,AAPL,AMD,AMZN,BABA,MSFT,NFLX
20220104,AAPL,AMD,AMZN,BA,BABA,GOOGL,MSFT,NFLX,NVDA,PYPL
20220105,AAPL,AMZN,BA,BABA,META,TSLA,NIO,PYPL
20220106,AAPL,BA,BABA,TSLA
20220107,BABA,PYPL
20220110,BA,BABA,PYPL
20220111,BABA
20220112,BABA,TSLA,PYPL
20220113,BABA,TSLA
20220114,BABA
20220118,BA,BABA
20220119,BA,BABA
20220120,BABA
20220201,PYPL
20220202,AMD,MRNA
20220203,AAPL,AMD,BA,BABA,MSFT,NFLX,MRNA
20220204,AAPL,AMD,BA,BABA,MSFT,MRNA
20220207,AAPL,BA,BABA,MSFT,NIO,MRNA
20220208,AAPL,AMD,BA,BABA,MSFT,NIO,MRNA
20220209,AAPL,BA,BABA,MSFT,TSLA,NIO,MRNA
20220210,AAPL,BA,BABA,GOOGL,MSFT,TSLA,NIO,MRNA
20220211,AAPL,AMD,AMZN,BA,BABA,GOOGL,NVDA,NIO,AMC
20220214,AAPL,AMD,AMZN,BA,GOOGL,NVDA,AMC
20220215,AAPL,AMZN,BA,BABA,TSLA,AMC
20220216,AAPL,AMD,AMZN,BABA,TSLA,AMC
20220217,AAPL,AMZN,BABA,NVDA,NIO,AMC
20220218,AAPL,AMZN,BABA,NIO,AMC
20220222,AMC
20220225,AMD,AMZN,GOOGL,MSFT,NVDA
20220228,AMD,AMZN,GOOGL,MSFT,NVDA,AMC,MRNA
20220301,AMZN,GOOGL,MSFT,MRNA
20220302,AMD,AMZN,GOOGL,MSFT,MRNA
20220303,AMD,GOOGL,MSFT,MRNA
20220304,GOOGL,MSFT
20220307,GOOGL,MSFT
20220308,GOOGL,MSFT,TSLA
20220309,AAPL,GOOGL,MSFT,TSLA
20220310,AAPL,GOOGL,MSFT,TSLA
20220311,GOOGL
20220314,MRNA
20220315,MRNA
20220316,AMD,AMZN,NVDA,TSLA,MRNA,PYPL
20220317,AMD,AMZN,BABA,GOOGL,MSFT,NVDA,NIO,MRNA,PYPL
20220318,AAPL,AMD,AMZN,BA,BABA,GOOGL,MSFT,NVDA,NIO,MRNA,PYPL
20220321,AAPL,AMD,AMZN,BA,BABA,GOOGL,MSFT,NVDA,NIO,MRNA,PYPL
20220322,AAPL,AMD,BA,GOOGL,MSFT,NVDA,TSLA,NIO,AMC,MRNA,PYPL
20220323,AAPL,AMD,BA,BABA,GOOGL,MSFT,NVDA,NIO,AMC,PYPL
20220324,AAPL,BA,BABA,GOOGL,MSFT,NVDA,NIO,AMC,MRNA
20220325,AAPL,BA,BABA,GOOGL,MSFT,NVDA,NIO,AMC,MRNA
20220328,AAPL,BA,BABA,GOOGL,MSFT,NVDA,MRNA
20220329,AAPL,BABA,GOOGL,MSFT,NVDA,MRNA
20220330,AAPL,AMD,AMZN,BABA,GOOGL,MSFT,NVDA,MRNA
20220331,AAPL,AMD,AMZN,BABA,GOOGL,MSFT,NVDA,TSLA,AMC,MRNA
20220401,AAPL,AMZN,GOOGL,MSFT,NVDA,XYZ,AMC,MRNA
20220404,AAPL,AMZN,GOOGL,MSFT,NVDA,AMC
20220405,AAPL,AMZN,GOOGL,MSFT,NVDA,AMC
20220406,AAPL,AMZN,GOOGL,META,MSFT,NFLX,AMC,PYPL
20220407,META,MSFT,NFLX,PYPL
20220408,META
20220425,TSLA
20220429,BABA,MSFT
20220502,MSFT
20220503,META,MSFT
20220504,AMD,META,MSFT,NVDA,MRNA,PYPL
20220505,AMD,BABA,META,MSFT,NVDA,MRNA,PYPL
20220506,AMD,BABA,BAC,META,MSFT
20220509,AMD,BABA,BAC,META,MSFT
20220510,AMD,BAC,GOOGL,META
20220511,AMD,BAC
20220512,AMD,BAC
20220513,AMD,BAC
20220516,AMD
20220517,AMD
20220518,AMD
20220519,AMD,NFLX,MRNA
20220520,AMD,BABA,NFLX,MRNA,PYPL
20220523,AMD,BABA,BAC,NFLX,MRNA,PYPL
20220524,AMD,BABA,BAC,NFLX,AMC,MRNA,PYPL
20220525,AMD,BABA,BAC,MSFT,NFLX,NVDA,MRNA,PYPL
20220526,AMD,BA,BABA,BAC,MSFT,NVDA,MRNA,PYPL
20220527,AAPL,AMD,AMZN,BA,BABA,BAC,MSFT,NVDA,TSLA,MRNA,PYPL
20220531,AAPL,AMD,AMZN,BA,BABA,BAC,MSFT,NVDA,TSLA,PYPL
20220601,AAPL,AMD,AMZN,BA,BABA,BAC,GOOGL,MSFT,NVDA,TSLA,AMC,PYPL
20220602,AAPL,AMD,AMZN,BA,BABA,BAC,GOOGL,META,MSFT,NVDA,TSLA,AMC
20220603,AAPL,AMD,AMZN,BA,BABA,BAC,GOOGL,META,MSFT,NVDA,TSLA,AMC,PYPL
20220606,AAPL,AMD,AMZN,BA,BABA,BAC,GOOGL,META,MSFT,NVDA,TSLA,AMC
20220607,AAPL,AMD,AMZN,BA,BABA,BAC,GOOGL,META,MSFT,NVDA,TSLA,AMC,PYPL
20220608,AAPL,AMD,AMZN,BA,BAC,GOOGL,MSFT,NVDA,TSLA,AMC
20220609,AAPL,AMD,AMZN,BA,BABA,GOOGL,META,MSFT,NVDA,TSLA,AMC
20220610,BA,BABA,GOOGL
20220613,BABA
20220614,BABA
20220615,BABA
20220616,BABA
20220617,BABA,AMC
20220621,BABA
20220623,BA,BABA
20220624,AAPL,AMZN,BA,GOOGL,MSFT,NVDA,TSLA,MRNA
20220627,AAPL,AMZN,BA,BABA,BAC,GOOGL,MSFT,NVDA,TSLA,AMC,MRNA
20220628,AAPL,AMZN,BA,BABA,BAC,GOOGL,MSFT,NVDA,TSLA,AMC,MRNA
20220629,AAPL,AMZN,BA,BABA,BAC,GOOGL,MSFT,TSLA
20220630,AAPL,AMZN,BA,BABA,BAC,GOOGL,META,MSFT,TSLA,AMC
20220701,AAPL,AMZN,BA,BABA,BAC,GOOGL,META,MSFT,NFLX,TSLA,MRNA
20220705,AAPL,AMZN,BA,GOOGL,MSFT,NFLX,TSLA,MRNA
20220706,AAPL,AMZN,BA,BABA,GOOGL,META,MSFT,NFLX,TSLA,MRNA
20220707,AAPL,AMZN,BA,BABA,GOOGL,META,MSFT,NFLX,TSLA
20220708,AAPL,AMZN,BA,BABA,GOOGL,META,MSFT,NFLX,TSLA
20220711,AAPL,AMZN,BA,GOOGL,META,MSFT,MRNA
20220712,AAPL,AMZN,BA,GOOGL,META,MSFT,TSLA,MRNA
20220713,AAPL,AMZN,BA,GOOGL,META,MSFT,TSLA,MRNA
20220714,AAPL,AMD,BA,GOOGL,META,MSFT,NVDA,TSLA,MRNA
20220715,AAPL,AMD,BA,BAC,GOOGL,META,MSFT,NVDA,TSLA
20220718,AAPL,AMD,BA,BAC,GOOGL,META,MSFT,NFLX,NVDA,TSLA,MRNA,PYPL
20220719,AAPL,AMD,BA,BAC,GOOGL,META,MSFT,NFLX,NVDA,TSLA,MRNA,PYPL
20220720,AAPL,AMD,AMZN,BA,BAC,META,MSFT,NFLX,NVDA,TSLA,XYZ,MRNA,PYPL
20220721,AAPL,AMD,AMZN,BA,BAC,META,MSFT,NFLX,NVDA,TSLA,XYZ,PYPL
20220722,AAPL,AMD,AMZN,BA,BAC,META,MSFT,NFLX,NVDA,TSLA,XYZ,PYPL
20220725,AAPL,AMD,AMZN,BA,BAC,META,MSFT,NFLX,NVDA,TSLA,XYZ,PYPL
20220726,AAPL,AMD,AMZN,BA,BAC,META,MSFT,NFLX,NVDA,TSLA,XYZ,PYPL
20220727,AAPL,AMD,AMZN,BA,BAC,GOOGL,META,MSFT,NFLX,NVDA,TSLA,XYZ,PYPL
20220728,AAPL,AMD,AMZN,BA,BAC,GOOGL,META,MSFT,NFLX,NVDA,TSLA,XYZ,PYPL
20220729,AAPL,AMD,BA,BAC,GOOGL,MSFT,NFLX,NVDA,TSLA,XYZ,MRNA,PYPL
20220801,AAPL,AMD,AMZN,BAC,GOOGL,MSFT,NFLX,NVDA,TSLA,XYZ,MRNA,PYPL,XOM
20220802,AAPL,AMD,AMZN,BAC,GOOGL,MSFT,NFLX,NVDA,TSLA,XYZ,MRNA,PYPL,XOM
20220803,AAPL,AMD,AMZN,BAC,GOOGL,MSFT,NFLX,NVDA,TSLA,XYZ,PYPL,XOM
20220804,AAPL,AMD,AMZN,BAC,GOOGL,META,MSFT,NFLX,NVDA,TSLA,XYZ,PYPL,XOM
20220805,AAPL,AMD,AMZN,BAC,GOOGL,META,MSFT,NFLX,NVDA,TSLA,XYZ,MRNA,PYPL,XOM
20220808,AAPL,AMD,AMZN,BAC,GOOGL,META,MSFT,NFLX,NVDA,TSLA,XYZ,MRNA,PYPL,XOM
20220809,AAPL,AMD,AMZN,BAC,GOOGL,META,MSFT,NFLX,NVDA,TSLA,XYZ,MRNA,PYPL,XOM
20220810,AAPL,AMD,AMZN,BAC,GOOGL,META,MSFT,NFLX,NVDA,TSLA,XYZ,MRNA,PYPL,XOM
20220811,AAPL,AMD,AMZN,BAC,GOOGL,META,MSFT,NFLX,NVDA,TSLA,XYZ,MRNA,PYPL,XOM
20220812,AAPL,AMD,AMZN,BABA,BAC,GOOGL,META,MSFT,NFLX,NVDA,TSLA,XYZ,MRNA,PYPL,XOM
20220815,AAPL,AMD,AMZN,BABA,BAC,GOOGL,META,MSFT,NFLX,NVDA,TSLA,XYZ,MRNA,PYPL,XOM
20220816,AAPL,AMD,AMZN,BABA,BAC,GOOGL,META,MSFT,NFLX,NVDA,TSLA,XYZ,PYPL,XOM
20220817,AAPL,AMZN,BAC,GOOGL,META,MSFT,NFLX,TSLA,PYPL,XOM
20220818,AAPL,AMZN,BAC,GOOGL,META,MSFT,NFLX,TSLA,PYPL,XOM
20220819,AAPL,AMZN,BAC,GOOGL,META,MSFT,NFLX,NVDA,TSLA,PYPL,XOM
20220822,AAPL,AMZN,BAC,GOOGL,META,MSFT,NFLX,NVDA,TSLA,PYPL,XOM
20220823,AAPL,BAC,TSLA,XOM
20220824,AAPL,BAC,TSLA,XOM
20220825,AAPL,BAC,TSLA,XOM
20220826,BABA,XOM
20220829,XOM
20220830,BABA,XOM
20220831,BABA,XOM
20220901,XOM
20220902,XOM
20220906,XOM
20220907,JPM
20220908,JPM
20220909,AMZN,BAC,GOOGL,JPM,META,TSLA,MRNA
20220912,AAPL,AMZN,BAC,GOOGL,JPM,META,MSFT,TSLA,MRNA
20220913,AAPL,AMZN,BAC,JPM,META,NFLX,TSLA,MRNA
20220914,AAPL,BAC,JPM,TSLA,MRNA
20220915,AAPL,AMZN,BAC,JPM,TSLA,MRNA,PYPL,XOM
20220916,AAPL,AMZN,BAC,JPM,TSLA,MRNA,PYPL,XOM
20220919,AAPL,BAC,JPM,TSLA,MRNA,PYPL,XOM
20220920,AAPL,BAC,JPM,MRNA,XOM
20220921,AAPL,TSLA
20220922,AAPL,TSLA
20220926,NFLX
20221004,GOOGL,MSFT,NFLX,XOM,CVX
20221005,GOOGL,MSFT,NFLX,NVDA,XOM,CVX
20221006,GOOGL,MSFT,NFLX,NVDA,XOM,CVX
20221007,GOOGL,MSFT,NFLX,XOM,CVX
20221010,GOOGL,NFLX,PYPL,CVX
20221011,GOOGL,XOM,CVX
20221012,GOOGL,XOM,CVX
20221013,AAPL,GOOGL,MSFT,XOM
20221014,AAPL,GOOGL,XOM,CVX
20221017,AAPL,BAC,GOOGL,JPM,XOM,CVX
20221018,AAPL,BAC,GOOGL,JPM,XOM,CVX
20221019,AAPL,BAC,GOOGL,JPM,NFLX
20221020,AAPL,BAC,GOOGL,JPM,NFLX,NVDA,XOM,CVX
20221021,AAPL,AMD,BAC,GOOGL,JPM,NFLX,NVDA,XOM,CVX
20221024,AAPL,AMD,BAC,GOOGL,JPM,META,NFLX,NVDA,PYPL,XOM,CVX
20221025,AAPL,AMD,BAC,GOOGL,JPM,META,NFLX,NVDA,TSLA,PYPL,XOM,CVX
20221026,AAPL,BAC,JPM,META,NFLX,NVDA,TSLA,PYPL,XOM,CVX
20221027,AAPL,BAC,JPM,NFLX,NVDA,TSLA,PYPL,XOM,CVX
20221028,AAPL,AMD,BAC,JPM,NFLX,NVDA,TSLA,PYPL,XOM,CVX
20221031,AAPL,AMD,BAC,JPM,NFLX,NVDA,TSLA,PYPL,XOM,CVX
20221101,AAPL,AMD,BAC,JPM,MSFT,NFLX,NVDA,TSLA,PYPL,XOM,CVX
20221102,AAPL,AMD,BAC,JPM,NFLX,NVDA,TSLA,XOM,CVX
20221103,AMD,BAC,JPM,NVDA,TSLA,XOM,CVX
20221104,AMD,BAC,JPM,NVDA,TSLA,XOM,CVX
20221107,AMD,BABA,BAC,JPM,NVDA,XOM,CVX
20221108,AMD,BABA,BAC,JPM,NVDA,XOM,CVX
20221109,AMD,BABA,BAC,JPM,NVDA,XOM,CVX
20221110,AMD,BABA,BAC,JPM,MSFT,NVDA,PYPL,XOM,CVX
20221111,AMD,BABA,BAC,GOOGL,JPM,MSFT,NVDA,PYPL,XOM,CVX
20221114,AMD,BABA,BAC,GOOGL,JPM,MSFT,NVDA,PYPL,XOM,CVX
20221115,AAPL,AMD,BAC,GOOGL,JPM,META,MSFT,NVDA,PYPL,XOM,CVX
20221116,AAPL,AMD,AMZN,BABA,BAC,GOOGL,JPM,META,MSFT,NVDA,PYPL,XOM,CVX
20221117,AAPL,AMD,AMZN,BAC,GOOGL,JPM,META,MSFT,NVDA,PYPL,XOM,CVX
20221118,AAPL,AMD,AMZN,BABA,BAC,GOOGL,JPM,META,MSFT,NVDA,PYPL,XOM,CVX
20221121,AAPL,AMD,AMZN,BABA,BAC,GOOGL,JPM,META,MSFT,NFLX,NVDA,PYPL,XOM,CVX
20221122,AAPL,AMD,AMZN,BABA,BAC,GOOGL,JPM,META,MSFT,NFLX,NVDA,PYPL,XOM,CVX
20221123,AAPL,AMD,AMZN,BABA,BAC,GOOGL,JPM,MSFT,NFLX,NVDA,XOM,CVX
20221125,AAPL,AMD,BABA,BAC,GOOGL,JPM,MSFT,NFLX,NVDA,XOM,CVX
20221128,AAPL,AMD,BABA,BAC,GOOGL,JPM,MSFT,NVDA,XOM
20221129,AMD,BAC,GOOGL,JPM,MSFT,XOM
20221130,AMD,BAC,GOOGL,JPM,MSFT,NVDA,TSLA,XOM
20221201,AMD,AMZN,BAC,GOOGL,JPM,MSFT,NFLX,NVDA,TSLA,XOM
20221202,AMD,AMZN,BAC,GOOGL,JPM,MSFT,NFLX,NVDA,TSLA,XOM
20221205,AMD,AMZN,GOOGL,JPM,META,MSFT,NFLX,NVDA,TSLA,XOM
20221206,GOOGL,JPM,META,MSFT,NFLX,NVDA,TSLA
20221207,GOOGL,JPM,META,MSFT,NFLX,NVDA
20221208,GOOGL,JPM,META,MSFT,NFLX,NVDA
20221209,GOOGL,JPM,META,MSFT,NFLX,NVDA
20221212,AAPL,GOOGL,JPM,META,MSFT,NFLX,NVDA
20221213,AAPL,JPM,META,MSFT,NFLX,NVDA
20221214,AAPL,JPM,META,MSFT,NFLX,NVDA
20221215,JPM,MSFT,NVDA
20221216,JPM,MSFT,NVDA
20221219,JPM,META,MSFT,NVDA,XOM
20221220,JPM,META,MSFT,NVDA,XOM,CVX
20221221,BAC,JPM,META,MSFT,NVDA,XOM,CVX
20221222,BAC,JPM,META,MSFT,XOM,CVX
20221223,BAC,JPM,META,XOM,CVX
20221227,BAC,JPM,META,XOM,CVX
20221228,BAC,JPM,XOM,CVX
20221229,BAC,JPM,META,NFLX,PYPL,XOM,CVX
20221230,BAC,JPM,META,NFLX,PYPL,XOM,CVX
20230103,AMZN,BAC,GOOGL,JPM,NFLX,XOM,CVX
20230104,AMZN,BABA,BAC,GOOGL,JPM,NFLX,XOM,CVX
20230105,BABA,BAC,GOOGL,JPM,NFLX,PYPL,XOM,CVX
20230106,AMD,AMZN,BABA,BAC,GOOGL,JPM,META,NFLX,PYPL,XOM,CVX
20230109,AMD,AMZN,BABA,BAC,GOOGL,JPM,META,NFLX,NVDA,PYPL,XOM,CVX
20230110,AAPL,AMD,AMZN,BABA,BAC,GOOGL,JPM,META,NFLX,NVDA,TSLA,PYPL,XOM,CVX
20230111,AAPL,AMD,AMZN,BABA,BAC,GOOGL,JPM,META,MSFT,NFLX,NVDA,TSLA,PYPL,XOM,CVX
20230112,AAPL,AMD,AMZN,BABA,BAC,GOOGL,JPM,MSFT,NFLX,NVDA,TSLA,XOM,CVX
20230113,AAPL,AMD,AMZN,BABA,BAC,GOOGL,JPM,META,MSFT,NFLX,NVDA,TSLA,XOM,CVX
20230117,AAPL,AMD,AMZN,BABA,BAC,GOOGL,JPM,META,MSFT,NFLX,NVDA,TSLA,PYPL,XOM,CVX
20230118,AAPL,AMD,AMZN,BABA,BAC,GOOGL,JPM,META,MSFT,NFLX,NVDA,TSLA,PYPL,XOM,CVX
20230119,AAPL,AMD,AMZN,BABA,BAC,GOOGL,JPM,META,MSFT,NFLX,NVDA,TSLA,PYPL,XOM,CVX
20230120,AAPL,AMD,AMZN,BABA,BAC,JPM,META,MSFT,NFLX,NVDA,TSLA,PYPL,XOM,CVX
20230123,AAPL,AMD,AMZN,BABA,BAC,JPM,MSFT,NFLX,NVDA,TSLA,XOM,CVX
20230124,AAPL,AMD,AMZN,BABA,BAC,GOOGL,JPM,META,MSFT,NFLX,NVDA,TSLA,XOM,CVX
20230125,AAPL,AMD,AMZN,BABA,BAC,GOOGL,JPM,META,MSFT,NFLX,NVDA,TSLA,XOM,CVX
20230126,AAPL,AMD,AMZN,BABA,BAC,GOOGL,JPM,MSFT,NFLX,NVDA,TSLA,XOM,CVX
20230127,AAPL,AMD,BABA,BAC,GOOGL,JPM,MSFT,NFLX,NVDA,TSLA,XOM,CVX
20230130,AAPL,AMD,AMZN,BABA,BAC,GOOGL,JPM,META,MSFT,NFLX,NVDA,TSLA,PYPL,XOM,CVX
20230131,AAPL,AMD,BABA,BAC,GOOGL,JPM,META,MSFT,NFLX,NVDA,TSLA,XOM,CVX
20230201,AAPL,AMD,AMZN,BABA,BAC,GOOGL,JPM,META,MSFT,NFLX,NVDA,TSLA,XOM,UNH
20230202,AAPL,AMD,AMZN,BAC,JPM,META,NFLX,NVDA,TSLA,XOM,UNH
20230203,AAPL,AMD,AMZN,BAC,GOOGL,JPM,META,MSFT,NFLX,NVDA,TSLA,XOM,UNH
20230206,AAPL,AMD,AMZN,BAC,GOOGL,JPM,META,MSFT,NFLX,NVDA,TSLA,XOM,UNH
20230207,AAPL,AMD,AMZN,BAC,JPM,META,MSFT,NFLX,NVDA,TSLA,XOM,UNH
20230208,AAPL,AMD,AMZN,BAC,GOOGL,JPM,META,MSFT,NFLX,NVDA,TSLA,XOM,UNH
20230209,AAPL,AMD,AMZN,BAC,JPM,META,MSFT,NFLX,NVDA,TSLA,XOM,UNH
20230210,AAPL,AMD,AMZN,BAC,JPM,META,MSFT,NFLX,NVDA,TSLA,XOM,UNH
20230213,AAPL,AMD,AMZN,BAC,JPM,META,MSFT,NFLX,NVDA,TSLA,XOM,UNH
20230214,AAPL,AMD,BAC,JPM,META,MSFT,NFLX,NVDA,TSLA,XOM,CVX,UNH
20230215,AAPL,AMD,BAC,JPM,MSFT,NFLX,NVDA,TSLA,XOM,CVX,UNH
20230216,AAPL,BAC,JPM,MSFT,NVDA,TSLA,XOM,CVX,UNH
20230217,AAPL,BAC,JPM,MSFT,NVDA,TSLA,XOM,UNH
20230221,AAPL,JPM,TSLA,XOM,UNH
20230222,AAPL,JPM,TSLA,XOM,UNH
20230223,AAPL,JPM,NVDA,TSLA,XOM,UNH
20230224,AAPL,JPM,NVDA,TSLA,UNH
20230227,AAPL,JPM,NVDA,TSLA,UNH
20230228,AAPL,JPM,NVDA,TSLA,UNH
20230301,JPM,NVDA,UNH
20230302,AMD,JPM,META,NVDA,UNH
20230303,AMD,JPM,META,NVDA,XOM,CVX
20230306,AAPL,AMD,GOOGL,JPM,META,MSFT,NVDA,XOM,CVX
20230307,AAPL,AMD,GOOGL,JPM,META,MSFT,NVDA,XOM,CVX
20230308,AAPL,AMD,GOOGL,JPM,META,MSFT,NVDA,XOM,CVX
20230309,AAPL,AMD,GOOGL,META,MSFT,NVDA,XOM,CVX
20230310,AAPL,AMD,GOOGL,META,MSFT,NVDA,XOM,CVX
20230313,AAPL,AMD,GOOGL,META,MSFT,NVDA,XOM,CVX
20230314,AAPL,AMD,AMZN,GOOGL,META,MSFT,NVDA,XOM,CVX
20230315,AAPL,AMD,AMZN,GOOGL,META,MSFT,NVDA
20230316,AAPL,AMD,AMZN,GOOGL,META,MSFT,NVDA
20230317,AAPL,AMD,AMZN,GOOGL,META,NVDA
20230320,AAPL,AMD,AMZN,GOOGL,META,MSFT,NVDA,UNH
20230321,AAPL,AMD,AMZN,GOOGL,META,MSFT,NVDA,TSLA,UNH
20230322,AAPL,AMD,AMZN,BABA,GOOGL,META,MSFT,NVDA,TSLA,UNH
20230323,AAPL,AMD,AMZN,BABA,GOOGL,META,MSFT,NFLX,NVDA,TSLA,UNH
20230324,AAPL,AMD,AMZN,BABA,GOOGL,META,MSFT,NFLX,NVDA,TSLA,UNH
20230327,AAPL,AMD,AMZN,BABA,GOOGL,META,MSFT,NFLX,NVDA,TSLA,UNH
20230328,AAPL,AMD,AMZN,GOOGL,JPM,META,MSFT,NFLX,NVDA,TSLA,XOM,CVX,UNH
20230329,AAPL,AMD,AMZN,GOOGL,JPM,META,MSFT,NFLX,NVDA,TSLA,XOM,CVX,UNH
20230330,AAPL,AMD,AMZN,BAC,GOOGL,JPM,META,MSFT,NFLX,NVDA,TSLA,XOM,CVX,UNH
20230331,AAPL,AMD,AMZN,BAC,GOOGL,JPM,META,MSFT,NFLX,NVDA,TSLA,XOM,CVX,UNH
20230403,AAPL,AMD,AMZN,BABA,BAC,GOOGL,JPM,META,MSFT,NFLX,NVDA,TSLA,UNH
20230404,AAPL,AMD,AMZN,BAC,GOOGL,JPM,META,MSFT,NFLX,NVDA,TSLA,XOM,UNH
20230405,AAPL,AMZN,BAC,GOOGL,JPM,META,MSFT,NFLX,NVDA,TSLA,XOM,CVX,UNH
20230406,AAPL,AMZN,BAC,GOOGL,JPM,META,MSFT,NFLX,NVDA,TSLA,XOM,CVX,UNH
20230410,AAPL,AMZN,BAC,GOOGL,JPM,META,MSFT,NFLX,NVDA,TSLA,XOM,CVX,UNH
20230411,AAPL,AMZN,BAC,GOOGL,JPM,META,MSFT,NFLX,NVDA,TSLA,XOM,CVX
20230412,AAPL,AMZN,BAC,GOOGL,JPM,META,MSFT,NFLX,NVDA,CVX
20230413,AAPL,AMZN,BAC,GOOGL,JPM,META,MSFT,NFLX,NVDA,XOM,CVX,UNH
20230414,AAPL,AMZN,BAC,GOOGL,JPM,META,MSFT,NFLX,NVDA,XOM,CVX,UNH
20230417,AAPL,AMZN,BAC,GOOGL,JPM,META,MSFT,NVDA,XOM,CVX,UNH
20230418,AAPL,AMZN,BAC,GOOGL,JPM,META,MSFT,NVDA,XOM,CVX,UNH
20230419,AAPL,AMZN,BAC,GOOGL,JPM,META,MSFT,NVDA,XOM,CVX
20230420,AAPL,AMZN,BAC,GOOGL,JPM,META,MSFT,NVDA,XOM,CVX
20230421,AAPL,AMZN,BAC,GOOGL,JPM,META,MSFT,NVDA,XOM,CVX
20230424,AAPL,AMZN,BAC,GOOGL,JPM,META,MSFT,NVDA,XOM,CVX
20230425,AAPL,AMZN,BAC,GOOGL,JPM,META,MSFT,NVDA,XOM,CVX
20230426,AAPL,AMZN,BAC,GOOGL,JPM,MSFT,NVDA,XOM,CVX
20230427,AAPL,AMZN,BAC,GOOGL,JPM,META,MSFT,XOM,CVX
20230428,AAPL,AMZN,BAC,GOOGL,JPM,META,MSFT,NVDA,XOM,CVX
20230501,AAPL,AMZN,GOOGL,JPM,META,MSFT,NVDA,XOM,CVX
20230502,AAPL,AMZN,GOOGL,JPM,META,MSFT,NVDA,UNH
20230503,AAPL,AMZN,GOOGL,JPM,META,MSFT,NVDA,UNH
20230504,AAPL,AMZN,GOOGL,META,MSFT,NVDA,UNH
20230505,AAPL,AMD,AMZN,GOOGL,META,MSFT,NVDA,TSLA,UNH
20230508,AAPL,AMD,AMZN,BABA,GOOGL,META,MSFT,NFLX,NVDA,TSLA,UNH
20230509,AAPL,AMD,AMZN,BABA,GOOGL,JPM,META,MSFT,NFLX,NVDA,TSLA,UNH
20230510,AAPL,AMD,AMZN,BABA,GOOGL,JPM,META,MSFT,NFLX,NVDA,TSLA,UNH
20230511,AAPL,AMD,AMZN,GOOGL,JPM,META,MSFT,NFLX,NVDA,TSLA,UNH
20230512,AAPL,AMD,AMZN,GOOGL,META,MSFT,NFLX,NVDA,TSLA,UNH
20230515,AAPL,AMD,AMZN,GOOGL,META,MSFT,NFLX,NVDA,TSLA,UNH
20230516,AAPL,AMD,AMZN,GOOGL,META,MSFT,NFLX,NVDA,TSLA,UNH
20230517,AAPL,AMD,AMZN,BAC,GOOGL,JPM,META,MSFT,NFLX,NVDA,TSLA,UNH
20230518,AAPL,AMD,AMZN,BABA,BAC,GOOGL,JPM,META,MSFT,NFLX,NVDA,TSLA,UNH
20230519,AAPL,AMD,AMZN,BAC,GOOGL,JPM,META,MSFT,NFLX,NVDA,TSLA,UNH
20230522,AAPL,AMD,AMZN,BAC,GOOGL,JPM,META,MSFT,NFLX,NVDA,TSLA,UNH
20230523,AAPL,AMD,AMZN,BAC,GOOGL,JPM,META,MSFT,NFLX,NVDA,TSLA,UNH
20230524,AAPL,AMD,AMZN,BAC,GOOGL,JPM,META,MSFT,NFLX,NVDA,TSLA,XOM,CVX,UNH
20230525,AAPL,AMD,AMZN,BAC,GOOGL,JPM,META,MSFT,NFLX,NVDA,TSLA,XOM,CVX,UNH
20230526,AAPL,AMD,AMZN,BAC,GOOGL,JPM,META,MSFT,NFLX,NVDA,TSLA,XOM,CVX,UNH
20230530,AAPL,AMD,AMZN,BAC,GOOGL,JPM,META,MSFT,NFLX,NVDA,TSLA,XOM,CVX,UNH
20230531,AAPL,AMD,AMZN,BAC,GOOGL,JPM,META,MSFT,NFLX,NVDA,TSLA,XOM,CVX,UNH
20230601,AAPL,AMD,AMZN,BAC,GOOGL,JPM,META,MSFT,NFLX,NVDA,TSLA,XOM,CVX,UNH
20230602,AAPL,AMD,AMZN,BABA,BAC,GOOGL,JPM,META,MSFT,NFLX,NVDA,TSLA,XOM,CVX,UNH
20230605,AAPL,AMD,AMZN,BABA,BAC,GOOGL,JPM,META,MSFT,NFLX,NVDA,TSLA,XOM,CVX,UNH
20230606,AAPL,AMD,AMZN,BABA,BAC,GOOGL,JPM,META,MSFT,NFLX,NVDA,TSLA,XOM,CVX,UNH
20230607,AAPL,AMD,AMZN,BABA,BAC,GOOGL,JPM,META,MSFT,NFLX,NVDA,TSLA,XOM,CVX,UNH
20230608,AAPL,AMD,AMZN,BABA,BAC,GOOGL,JPM,META,MSFT,NFLX,NVDA,TSLA,XOM,CVX,UNH
20230609,AAPL,AMD,AMZN,BABA,BAC,GOOGL,JPM,META,MSFT,NFLX,NVDA,TSLA,XOM,UNH
20230612,AAPL,AMD,AMZN,BABA,BAC,GOOGL,JPM,META,MSFT,NFLX,NVDA,TSLA,XOM,UNH
20230613,AAPL,AMD,AMZN,BABA,BAC,GOOGL,JPM,META,MSFT,NFLX,NVDA,TSLA,UNH
20230614,AAPL,AMD,AMZN,BABA,BAC,GOOGL,JPM,META,MSFT,NFLX,NVDA,TSLA
20230615,AAPL,AMD,AMZN,BABA,BAC,GOOGL,JPM,META,MSFT,NFLX,NVDA,TSLA
20230616,AAPL,AMD,AMZN,BABA,BAC,GOOGL,JPM,META,MSFT,NFLX,NVDA,TSLA
20230620,AAPL,AMZN,BABA,BAC,GOOGL,JPM,META,MSFT,NFLX,NVDA,TSLA
20230621,AAPL,AMZN,BABA,BAC,GOOGL,JPM,META,MSFT,NFLX,NVDA,TSLA
20230622,AAPL,AMZN,GOOGL,JPM,META,MSFT,NFLX,NVDA,TSLA
20230623,AAPL,AMZN,BABA,GOOGL,JPM,META,MSFT,NFLX,NVDA,TSLA
20230626,AAPL,AMZN,BABA,JPM,META,MSFT,NFLX,NVDA,TSLA
20230627,AAPL,AMZN,BABA,JPM,META,MSFT,NVDA,TSLA
20230628,AAPL,AMZN,JPM,META,MSFT,TSLA,UNH
20230629,AAPL,AMZN,JPM,META,MSFT,TSLA,UNH
20230630,AAPL,AMZN,JPM,META,MSFT,NFLX,TSLA,XOM,CVX
20230703,AAPL,AMZN,JPM,META,MSFT,NFLX,TSLA,XOM,UNH,AVGO
20230705,AAPL,AMD,AMZN,GOOGL,JPM,META,MSFT,NFLX,TSLA,XOM,UNH,AVGO
20230706,AAPL,AMD,AMZN,BAC,GOOGL,JPM,META,MSFT,NFLX,TSLA,XOM,UNH,AVGO
20230707,AAPL,AMD,AMZN,BAC,GOOGL,JPM,META,MSFT,NFLX,NVDA,TSLA,XOM,UNH
20230710,AAPL,AMD,AMZN,BABA,BAC,GOOGL,JPM,META,MSFT,NFLX,TSLA,XOM,UNH,AVGO
20230711,AAPL,AMD,AMZN,BABA,BAC,GOOGL,JPM,META,MSFT,NFLX,TSLA,XOM,AVGO
20230712,AAPL,AMD,AMZN,BAC,GOOGL,JPM,META,MSFT,NFLX,TSLA,XOM,AVGO
20230713,AAPL,AMD,AMZN,BAC,GOOGL,JPM,META,MSFT,NFLX,NVDA,TSLA,XOM,AVGO
20230714,AAPL,AMD,AMZN,BAC,GOOGL,JPM,META,MSFT,NFLX,NVDA,TSLA,AVGO
20230717,AAPL,AMD,AMZN,BAC,GOOGL,JPM,META,MSFT,NFLX,NVDA,TSLA,UNH,AVGO
20230718,AAPL,AMD,AMZN,BABA,GOOGL,JPM,META,MSFT,NFLX,NVDA,TSLA,UNH,AVGO
20230719,AAPL,AMD,AMZN,BABA,GOOGL,JPM,META,MSFT,NFLX,NVDA,TSLA,UNH,AVGO
20230720,AAPL,AMD,AMZN,BABA,GOOGL,JPM,META,MSFT,NFLX,NVDA,XOM,UNH,AVGO
20230721,AAPL,AMD,AMZN,BABA,GOOGL,JPM,META,MSFT,NFLX,NVDA,XOM,UNH,AVGO
20230724,AAPL,AMD,AMZN,BAC,GOOGL,JPM,META,MSFT,NFLX,NVDA,XOM,UNH,AVGO
20230725,AAPL,AMD,AMZN,BAC,GOOGL,JPM,MSFT,NFLX,NVDA,XOM,UNH,AVGO
20230726,AAPL,BAC,GOOGL,JPM,MSFT,NVDA,XOM,UNH,AVGO
20230727,AAPL,BABA,BAC,GOOGL,JPM,META,NVDA,XOM,UNH,AVGO
20230728,AAPL,BABA,BAC,GOOGL,JPM,META,NVDA,XOM,UNH,AVGO
20230731,AAPL,AMZN,BABA,BAC,GOOGL,JPM,META,NVDA,XOM,UNH,AVGO
20230801,AAPL,AMD,AMZN,BABA,BAC,GOOGL,JPM,META,NVDA,XOM,UNH,AVGO
20230802,AAPL,AMD,AMZN,BABA,BAC,GOOGL,JPM,META,NVDA,XOM,UNH,AVGO
20230803,AAPL,AMD,AMZN,BABA,BAC,GOOGL,JPM,META,NVDA,XOM,AVGO
20230804,AMD,AMZN,BABA,GOOGL,JPM,META,NVDA,XOM,AVGO
20230807,AMD,AMZN,BABA,GOOGL,JPM,META,NVDA,XOM,AVGO
20230808,AMD,AMZN,BABA,GOOGL,JPM,META,XOM,UNH
20230809,AMD,AMZN,BABA,GOOGL,JPM,META,NFLX,XOM,UNH
20230810,AMD,AMZN,BABA,GOOGL,JPM,NFLX,XOM,UNH
20230811,AMZN,GOOGL,JPM,NFLX,XOM,UNH
20230814,AMZN,GOOGL,JPM,NFLX,XOM,UNH
20230815,AMD,AMZN,GOOGL,JPM,NFLX,XOM,UNH
20230816,AMZN,GOOGL,JPM,NFLX,XOM,UNH
20230817,GOOGL,XOM,UNH
20230818,GOOGL,XOM,UNH
20230821,GOOGL,XOM,UNH
20230822,GOOGL,MSFT,XOM,UNH
20230823,AAPL,GOOGL,MSFT,XOM,UNH
20230824,AAPL,GOOGL,MSFT,UNH,AVGO
20230825,AAPL,GOOGL,MSFT,NVDA,AVGO
20230828,AAPL,BABA,GOOGL,MSFT,TSLA,AVGO
20230829,AAPL,BABA,GOOGL,META,MSFT,NFLX,TSLA
20230830,AAPL,AMD,AMZN,BABA,GOOGL,META,MSFT,NFLX,TSLA,AVGO
20230831,AAPL,AMD,AMZN,BABA,GOOGL,META,MSFT,NFLX,NVDA,TSLA
20230901,AAPL,AMD,AMZN,BABA,GOOGL,META,MSFT,NFLX,NVDA,TSLA,XOM,AVGO
20230905,AAPL,AMD,AMZN,BABA,GOOGL,META,MSFT,NFLX,NVDA,TSLA,XOM,AVGO
20230906,AAPL,AMD,AMZN,BABA,GOOGL,META,MSFT,NFLX,NVDA,TSLA,XOM,AVGO
20230907,AAPL,AMD,AMZN,BABA,GOOGL,META,MSFT,NFLX,NVDA,TSLA,XOM,AVGO
20230908,AAPL,AMD,AMZN,BABA,GOOGL,META,MSFT,NFLX,NVDA,TSLA,XOM,AVGO
20230911,AAPL,AMD,AMZN,BABA,GOOGL,META,MSFT,NFLX,NVDA,TSLA,XOM,AVGO
20230912,AMD,AMZN,GOOGL,META,MSFT,NFLX,TSLA,XOM
20230913,AMD,AMZN,GOOGL,META,MSFT,TSLA,XOM,JNJ
20230914,AMD,AMZN,GOOGL,JPM,META,MSFT,TSLA,XOM,UNH,JNJ
20230915,AMZN,GOOGL,JPM,META,MSFT,TSLA,XOM,UNH,JNJ
20230918,AMZN,GOOGL,JPM,META,MSFT,TSLA,XOM,UNH,JNJ
20230919,AMZN,GOOGL,JPM,META,MSFT,TSLA,XOM,UNH,JNJ
20230920,AMZN,GOOGL,JPM,META,MSFT,TSLA,XOM,UNH,JNJ
20230921,JPM,META,TSLA,XOM,UNH,JNJ
20230922,JPM,META,XOM,UNH,JNJ
20230925,JPM,META,XOM,UNH,JNJ
20230926,JPM,META,XOM,UNH,JNJ
20230927,JPM,XOM,UNH
20230928,AMD,JPM,META,XOM,UNH
20230929,AMD,JPM,META,XOM,UNH
20231002,AMD,JPM,META,NVDA,XOM,UNH
20231003,AMD,JPM,META,NVDA,XOM,UNH
20231004,AMD,GOOGL,JPM,META,NVDA,TSLA,XOM,UNH,AVGO
20231005,AAPL,AMD,GOOGL,JPM,META,MSFT,NVDA,TSLA,UNH,AVGO
20231006,AAPL,AMD,GOOGL,JPM,META,MSFT,NVDA,TSLA,UNH,AVGO
20231009,AAPL,AMD,AMZN,GOOGL,JPM,META,MSFT,NFLX,NVDA,TSLA,UNH,AVGO
20231010,AAPL,AMD,AMZN,GOOGL,JPM,META,MSFT,NFLX,NVDA,TSLA,UNH,AVGO,JNJ
20231011,AAPL,AMD,AMZN,GOOGL,JPM,META,MSFT,NFLX,NVDA,TSLA,UNH,AVGO,JNJ
20231012,AAPL,AMD,AMZN,BABA,GOOGL,JPM,META,MSFT,NVDA,TSLA,UNH,AVGO,JNJ
20231013,AAPL,AMD,AMZN,GOOGL,JPM,META,MSFT,NVDA,TSLA,UNH,AVGO,JNJ
20231016,AAPL,AMD,AMZN,GOOGL,JPM,META,MSFT,NVDA,TSLA,UNH,AVGO,JNJ
20231017,AAPL,AMD,AMZN,GOOGL,JPM,META,MSFT,NVDA,TSLA,UNH,AVGO,JNJ
20231018,AAPL,AMD,AMZN,GOOGL,JPM,META,MSFT,XOM,UNH,AVGO,JNJ
20231019,AAPL,AMZN,GOOGL,JPM,META,MSFT,XOM,UNH,AVGO,JNJ
20231020,AAPL,AMZN,GOOGL,JPM,META,MSFT,NFLX,XOM,UNH,AVGO,JNJ
20231023,AAPL,AMZN,GOOGL,JPM,META,MSFT,NFLX,XOM,UNH,AVGO
20231024,AAPL,AMZN,GOOGL,JPM,MSFT,NFLX,XOM,UNH,AVGO
20231025,JPM,MSFT,NFLX,XOM,UNH
20231026,MSFT,NFLX,XOM,UNH
20231027,MSFT,NFLX,UNH
20231030,AMZN,MSFT,NFLX,UNH
20231031,AMZN,MSFT,NFLX,UNH
20231101,AMD,AMZN,BABA,MSFT,NFLX,NVDA,UNH
20231102,AAPL,AMD,AMZN,BABA,META,MSFT,NFLX,NVDA,TSLA,UNH,AVGO
20231103,AAPL,AMD,AMZN,BABA,JPM,META,MSFT,NFLX,NVDA,TSLA,UNH
20231106,AAPL,AMD,AMZN,BABA,JPM,META,MSFT,NFLX,NVDA,TSLA,UNH,AVGO,JNJ
20231107,AAPL,AMD,AMZN,BABA,GOOGL,JPM,META,MSFT,NFLX,NVDA,TSLA,UNH,JNJ
20231108,AAPL,AMD,AMZN,BABA,GOOGL,JPM,META,MSFT,NFLX,NVDA,TSLA,UNH,JNJ
20231109,AAPL,AMD,AMZN,BABA,GOOGL,JPM,META,MSFT,NFLX,NVDA,TSLA,UNH,AVGO,JNJ
20231110,AAPL,AMD,AMZN,BABA,GOOGL,JPM,META,MSFT,NVDA,TSLA,UNH,JNJ
20231113,AAPL,AMD,AMZN,BABA,GOOGL,JPM,META,MSFT,NFLX,NVDA,TSLA,UNH,JNJ
20231114,AAPL,AMD,AMZN,BABA,GOOGL,JPM,META,MSFT,NFLX,NVDA,TSLA,UNH,JNJ
20231115,AAPL,AMD,AMZN,BABA,GOOGL,JPM,META,MSFT,NVDA,TSLA,UNH,JNJ
20231116,AAPL,AMD,AMZN,GOOGL,JPM,META,MSFT,TSLA,UNH,AVGO,JNJ
20231117,AAPL,AMD,AMZN,GOOGL,JPM,META,MSFT,NFLX,NVDA,TSLA,UNH,AVGO,JNJ
20231120,AAPL,AMD,AMZN,GOOGL,JPM,META,MSFT,NFLX,TSLA,XOM,UNH,AVGO,JNJ
20231121,AAPL,AMD,AMZN,GOOGL,JPM,META,MSFT,NFLX,NVDA,TSLA,XOM,UNH,AVGO,JNJ
20231122,AAPL,AMD,AMZN,GOOGL,JPM,META,MSFT,NFLX,NVDA,TSLA,XOM,UNH,AVGO,JNJ
20231124,AAPL,AMD,AMZN,GOOGL,JPM,META,MSFT,NFLX,NVDA,TSLA,UNH,AVGO,JNJ
20231127,AAPL,AMD,AMZN,GOOGL,JPM,META,MSFT,NVDA,TSLA,UNH,AVGO,JNJ
20231128,AAPL,AMD,AMZN,GOOGL,JPM,META,MSFT,NFLX,NVDA,TSLA,UNH,AVGO,JNJ
20231129,AAPL,AMD,AMZN,GOOGL,JPM,META,MSFT,NFLX,NVDA,TSLA,UNH,AVGO,JNJ
20231130,AAPL,AMD,AMZN,GOOGL,JPM,META,MSFT,NFLX,TSLA,UNH,AVGO,JNJ
20231201,AAPL,AMD,AMZN,GOOGL,JPM,META,MSFT,NFLX,TSLA,UNH
20231204,AAPL,AMD,AMZN,JPM,MSFT,TSLA,UNH
20231205,AAPL,AMD,AMZN,JPM,MSFT,TSLA,XOM,UNH
20231206,AAPL,AMZN,JPM,MSFT,TSLA,UNH,JNJ
20231207,AAPL,AMD,AMZN,GOOGL,JPM,MSFT,TSLA,UNH,JNJ
20231208,AAPL,AMD,AMZN,GOOGL,JPM,MSFT,TSLA,UNH,JNJ
20231211,AAPL,AMD,AMZN,GOOGL,JPM,MSFT,TSLA,UNH,JNJ
20231212,AAPL,AMD,AMZN,GOOGL,JPM,META,MSFT,TSLA,UNH
20231213,AAPL,AMD,AMZN,GOOGL,JPM,META,MSFT,NFLX,TSLA,UNH,JNJ
20231214,AAPL,AMD,AMZN,GOOGL,JPM,META,MSFT,NFLX,TSLA,UNH,AVGO,JNJ
20231215,AAPL,AMD,AMZN,GOOGL,JPM,META,MSFT,NFLX,TSLA,UNH,AVGO,JNJ
20231218,AAPL,AMD,AMZN,GOOGL,JPM,META,MSFT,NFLX,NVDA,TSLA,XOM,AVGO
20231219,AAPL,AMD,AMZN,GOOGL,JPM,META,MSFT,NFLX,NVDA,TSLA,XOM,AVGO
20231220,AAPL,AMD,AMZN,GOOGL,JPM,META,MSFT,NFLX,NVDA,TSLA,XOM,AVGO,JNJ
20231221,AAPL,AMD,AMZN,GOOGL,JPM,META,MSFT,NFLX,NVDA,TSLA,XOM,AVGO
20231222,AAPL,AMD,AMZN,GOOGL,JPM,META,MSFT,NFLX,NVDA,TSLA,XOM,AVGO
20231226,AAPL,AMD,AMZN,GOOGL,JPM,META,MSFT,NFLX,NVDA,TSLA,XOM,AVGO
20231227,AAPL,AMD,AMZN,GOOGL,JPM,META,MSFT,NFLX,NVDA,TSLA,XOM,AVGO
20231228,AAPL,AMD,AMZN,GOOGL,JPM,META,MSFT,NFLX,NVDA,TSLA,XOM,AVGO,JNJ
20231229,AAPL,AMD,AMZN,GOOGL,JPM,META,MSFT,NFLX,NVDA,TSLA,XOM,AVGO,JNJ
